그룹,4개사,11개사,CIC,회사,year,month,반기,분기,계정,항목,저압기기 매출액,저압기기 매출액 누계,저압기기 매출액(국내),저압기기 매출액(국내) 누계,저압기기 매출액(해외),저압기기 매출액(해외) 누계,저압기기 영업이익,저압기기 영업이익 누계,저압기기 영업이익(국내),저압기기 영업이익(국내) 누계,저압기기 영업이익(해외),저압기기 영업이익(해외) 누계,저압기기 조정영업이익,저압기기 조정영업이익 누계,저압기기 세전이익,저압기기 세전이익 누계,고압기기 매출액,고압기기 매출액 누계,고압기기 매출액(국내),고압기기 매출액(국내) 누계,고압기기 매출액(해외),고압기기 매출액(해외) 누계,고압기기 영업이익,고압기기 영업이익 누계,고압기기 영업이익(국내),고압기기 영업이익(국내) 누계,고압기기 영업이익(해외),고압기기 영업이익(해외) 누계,고압기기 조정영업이익,고압기기 조정영업이익 누계,고압기기 세전이익,고압기기 세전이익 누계,계량기기 매출액,계량기기 매출액 누계,계량기기 매출액(국내),계량기기 매출액(국내) 누계,계량기기 매출액(해외),계량기기 매출액(해외) 누계,계량기기 영업이익,계량기기 영업이익 누계,계량기기 영업이익(국내),계량기기 영업이익(국내) 누계,계량기기 영업이익(해외),계량기기 영업이익(해외) 누계,계량기기 조정영업이익,계량기기 조정영업이익 누계,계량기기 세전이익,계량기기 세전이익 누계,계전기기 매출액,계전기기 매출액 누계,계전기기 매출액(국내),계전기기 매출액(국내) 누계,계전기기 매출액(해외),계전기기 매출액(해외) 누계,계전기기 영업이익,계전기기 영업이익 누계,계전기기 영업이익(국내),계전기기 영업이익(국내) 누계,계전기기 영업이익(해외),계전기기 영업이익(해외) 누계,계전기기 조정영업이익,계전기기 조정영업이익 누계,계전기기 세전이익,계전기기 세전이익 누계,개폐기기 매출액,개폐기기 매출액 누계,개폐기기 매출액(국내),개폐기기 매출액(국내) 누계,개폐기기 매출액(해외),개폐기기 매출액(해외) 누계,개폐기기 영업이익,개폐기기 영업이익 누계,개폐기기 영업이익(국내),개폐기기 영업이익(국내) 누계,개폐기기 영업이익(해외),개폐기기 영업이익(해외) 누계,개폐기기 조정영업이익,개폐기기 조정영업이익 누계,개폐기기 세전이익,개폐기기 세전이익 누계,배전반 매출액,배전반 매출액 누계,배전반 매출액(국내),배전반 매출액(국내) 누계,배전반 매출액(해외),배전반 매출액(해외) 누계,배전반 영업이익,배전반 영업이익 누계,배전반 영업이익(국내),배전반 영업이익(국내) 누계,배전반 영업이익(해외),배전반 영업이익(해외) 누계,배전반 조정영업이익,배전반 조정영업이익 누계,배전반 세전이익,배전반 세전이익 누계,초고압GIS 매출액,초고압GIS 매출액 누계,초고압GIS 매출액(국내),초고압GIS 매출액(국내) 누계,초고압GIS 매출액(해외),초고압GIS 매출액(해외) 누계,초고압GIS 영업이익,초고압GIS 영업이익 누계,초고압GIS 영업이익(국내),초고압GIS 영업이익(국내) 누계,초고압GIS 영업이익(해외),초고압GIS 영업이익(해외) 누계,초고압GIS 조정영업이익,초고압GIS 조정영업이익 누계,초고압GIS 세전이익,초고압GIS 세전이익 누계,변압기 매출액,변압기 매출액 누계,변압기 매출액(국내),변압기 매출액(국내) 누계,변압기 매출액(해외),변압기 매출액(해외) 누계,변압기 영업이익,변압기 영업이익 누계,변압기 영업이익(국내),변압기 영업이익(국내) 누계,변압기 영업이익(해외),변압기 영업이익(해외) 누계,변압기 조정영업이익,변압기 조정영업이익 누계,변압기 세전이익,변압기 세전이익 누계,초고압TR 매출액,초고압TR 매출액 누계,초고압TR 매출액(국내),초고압TR 매출액(국내) 누계,초고압TR 매출액(해외),초고압TR 매출액(해외) 누계,초고압TR 영업이익,초고압TR 영업이익 누계,초고압TR 영업이익(국내),초고압TR 영업이익(국내) 누계,초고압TR 영업이익(해외),초고압TR 영업이익(해외) 누계,초고압TR 조정영업이익,초고압TR 조정영업이익 누계,초고압TR 세전이익,초고압TR 세전이익 누계,스카다 매출액,스카다 매출액 누계,스카다 매출액(국내),스카다 매출액(국내) 누계,스카다 매출액(해외),스카다 매출액(해외) 누계,스카다 영업이익,스카다 영업이익 누계,스카다 영업이익(국내),스카다 영업이익(국내) 누계,스카다 영업이익(해외),스카다 영업이익(해외) 누계,스카다 조정영업이익,스카다 조정영업이익 누계,스카다 세전이익,스카다 세전이익 누계,PLC 매출액,PLC 매출액 누계,PLC 매출액(국내),PLC 매출액(국내) 누계,PLC 매출액(해외),PLC 매출액(해외) 누계,PLC 영업이익,PLC 영업이익 누계,PLC 영업이익(국내),PLC 영업이익(국내) 누계,PLC 영업이익(해외),PLC 영업이익(해외) 누계,PLC 조정영업이익,PLC 조정영업이익 누계,PLC 세전이익,PLC 세전이익 누계,Inverter 매출액,Inverter 매출액 누계,Inverter 매출액(국내),Inverter 매출액(국내) 누계,Inverter 매출액(해외),Inverter 매출액(해외) 누계,Inverter 영업이익,Inverter 영업이익 누계,Inverter 영업이익(국내),Inverter 영업이익(국내) 누계,Inverter 영업이익(해외),Inverter 영업이익(해외) 누계,Inverter 조정영업이익,Inverter 조정영업이익 누계,Inverter 세전이익,Inverter 세전이익 누계,SERVO 매출액,SERVO 매출액 누계,SERVO 매출액(국내),SERVO 매출액(국내) 누계,SERVO 매출액(해외),SERVO 매출액(해외) 누계,SERVO 영업이익,SERVO 영업이익 누계,SERVO 영업이익(국내),SERVO 영업이익(국내) 누계,SERVO 영업이익(해외),SERVO 영업이익(해외) 누계,SERVO 조정영업이익,SERVO 조정영업이익 누계,SERVO 세전이익,SERVO 세전이익 누계,HMI 매출액,HMI 매출액 누계,HMI 매출액(국내),HMI 매출액(국내) 누계,HMI 매출액(해외),HMI 매출액(해외) 누계,HMI 영업이익,HMI 영업이익 누계,HMI 영업이익(국내),HMI 영업이익(국내) 누계,HMI 영업이익(해외),HMI 영업이익(해외) 누계,HMI 조정영업이익,HMI 조정영업이익 누계,HMI 세전이익,HMI 세전이익 누계,MC(양산) 매출액,MC(양산) 매출액 누계,MC(양산) 매출액(국내),MC(양산) 매출액(국내) 누계,MC(양산) 매출액(해외),MC(양산) 매출액(해외) 누계,MC(양산) 영업이익,MC(양산) 영업이익 누계,MC(양산) 영업이익(국내),MC(양산) 영업이익(국내) 누계,MC(양산) 영업이익(해외),MC(양산) 영업이익(해외) 누계,MC(양산) 조정영업이익,MC(양산) 조정영업이익 누계,MC(양산) 세전이익,MC(양산) 세전이익 누계,Auto System 매출액,Auto System 매출액 누계,Auto System 매출액(국내),Auto System 매출액(국내) 누계,Auto System 매출액(해외),Auto System 매출액(해외) 누계,Auto System 영업이익,Auto System 영업이익 누계,Auto System 영업이익(국내),Auto System 영업이익(국내) 누계,Auto System 영업이익(해외),Auto System 영업이익(해외) 누계,Auto System 조정영업이익,Auto System 조정영업이익 누계,Auto System 세전이익,Auto System 세전이익 누계,FA System 매출액,FA System 매출액 누계,FA System 매출액(국내),FA System 매출액(국내) 누계,FA System 매출액(해외),FA System 매출액(해외) 누계,FA System 영업이익,FA System 영업이익 누계,FA System 영업이익(국내),FA System 영업이익(국내) 누계,FA System 영업이익(해외),FA System 영업이익(해외) 누계,FA System 조정영업이익,FA System 조정영업이익 누계,FA System 세전이익,FA System 세전이익 누계,ES 설비 매출액,ES 설비 매출액 누계,ES 설비 매출액(국내),ES 설비 매출액(국내) 누계,ES 설비 매출액(해외),ES 설비 매출액(해외) 누계,ES 설비 영업이익,ES 설비 영업이익 누계,ES 설비 영업이익(국내),ES 설비 영업이익(국내) 누계,ES 설비 영업이익(해외),ES 설비 영업이익(해외) 누계,ES 설비 조정영업이익,ES 설비 조정영업이익 누계,ES 설비 세전이익,ES 설비 세전이익 누계,Drive System 매출액,Drive System 매출액 누계,Drive System 매출액(국내),Drive System 매출액(국내) 누계,Drive System 매출액(해외),Drive System 매출액(해외) 누계,Drive System 영업이익,Drive System 영업이익 누계,Drive System 영업이익(국내),Drive System 영업이익(국내) 누계,Drive System 영업이익(해외),Drive System 영업이익(해외) 누계,Drive System 조정영업이익,Drive System 조정영업이익 누계,Drive System 세전이익,Drive System 세전이익 누계,태양광시스템 매출액,태양광시스템 매출액 누계,태양광시스템 매출액(국내),태양광시스템 매출액(국내) 누계,태양광시스템 매출액(해외),태양광시스템 매출액(해외) 누계,태양광시스템 영업이익,태양광시스템 영업이익 누계,태양광시스템 영업이익(국내),태양광시스템 영업이익(국내) 누계,태양광시스템 영업이익(해외),태양광시스템 영업이익(해외) 누계,태양광시스템 조정영업이익,태양광시스템 조정영업이익 누계,태양광시스템 세전이익,태양광시스템 세전이익 누계,태양광기기 매출액,태양광기기 매출액 누계,태양광기기 매출액(국내),태양광기기 매출액(국내) 누계,태양광기기 매출액(해외),태양광기기 매출액(해외) 누계,태양광기기 영업이익,태양광기기 영업이익 누계,태양광기기 영업이익(국내),태양광기기 영업이익(국내) 누계,태양광기기 영업이익(해외),태양광기기 영업이익(해외) 누계,태양광기기 조정영업이익,태양광기기 조정영업이익 누계,태양광기기 세전이익,태양광기기 세전이익 누계,EV-Cordset 매출액,EV-Cordset 매출액 누계,EV-Cordset 매출액(국내),EV-Cordset 매출액(국내) 누계,EV-Cordset 매출액(해외),EV-Cordset 매출액(해외) 누계,EV-Cordset 영업이익,EV-Cordset 영업이익 누계,EV-Cordset 영업이익(국내),EV-Cordset 영업이익(국내) 누계,EV-Cordset 영업이익(해외),EV-Cordset 영업이익(해외) 누계,EV-Cordset 조정영업이익,EV-Cordset 조정영업이익 누계,EV-Cordset 세전이익,EV-Cordset 세전이익 누계,DC-Relay 매출액,DC-Relay 매출액 누계,DC-Relay 매출액(국내),DC-Relay 매출액(국내) 누계,DC-Relay 매출액(해외),DC-Relay 매출액(해외) 누계,DC-Relay 영업이익,DC-Relay 영업이익 누계,DC-Relay 영업이익(국내),DC-Relay 영업이익(국내) 누계,DC-Relay 영업이익(해외),DC-Relay 영업이익(해외) 누계,DC-Relay 조정영업이익,DC-Relay 조정영업이익 누계,DC-Relay 세전이익,DC-Relay 세전이익 누계,ESS 매출액,ESS 매출액 누계,ESS 매출액(국내),ESS 매출액(국내) 누계,ESS 매출액(해외),ESS 매출액(해외) 누계,ESS 영업이익,ESS 영업이익 누계,ESS 영업이익(국내),ESS 영업이익(국내) 누계,ESS 영업이익(해외),ESS 영업이익(해외) 누계,ESS 조정영업이익,ESS 조정영업이익 누계,ESS 세전이익,ESS 세전이익 누계,HVDC Valve 매출액,HVDC Valve 매출액 누계,HVDC Valve 매출액(국내),HVDC Valve 매출액(국내) 누계,HVDC Valve 매출액(해외),HVDC Valve 매출액(해외) 누계,HVDC Valve 영업이익,HVDC Valve 영업이익 누계,HVDC Valve 영업이익(국내),HVDC Valve 영업이익(국내) 누계,HVDC Valve 영업이익(해외),HVDC Valve 영업이익(해외) 누계,HVDC Valve 조정영업이익,HVDC Valve 조정영업이익 누계,HVDC Valve 세전이익,HVDC Valve 세전이익 누계,PSC 매출액,PSC 매출액 누계,PSC 매출액(국내),PSC 매출액(국내) 누계,PSC 매출액(해외),PSC 매출액(해외) 누계,PSC 영업이익,PSC 영업이익 누계,PSC 영업이익(국내),PSC 영업이익(국내) 누계,PSC 영업이익(해외),PSC 영업이익(해외) 누계,PSC 조정영업이익,PSC 조정영업이익 누계,PSC 세전이익,PSC 세전이익 누계,교통 매출액,교통 매출액 누계,교통 매출액(국내),교통 매출액(국내) 누계,교통 매출액(해외),교통 매출액(해외) 누계,교통 영업이익,교통 영업이익 누계,교통 영업이익(국내),교통 영업이익(국내) 누계,교통 영업이익(해외),교통 영업이익(해외) 누계,교통 조정영업이익,교통 조정영업이익 누계,교통 세전이익,교통 세전이익 누계,RFID 매출액,RFID 매출액 누계,RFID 매출액(국내),RFID 매출액(국내) 누계,RFID 매출액(해외),RFID 매출액(해외) 누계,RFID 영업이익,RFID 영업이익 누계,RFID 영업이익(국내),RFID 영업이익(국내) 누계,RFID 영업이익(해외),RFID 영업이익(해외) 누계,RFID 조정영업이익,RFID 조정영업이익 누계,RFID 세전이익,RFID 세전이익 누계,연료전지 매출액,연료전지 매출액 누계,연료전지 매출액(국내),연료전지 매출액(국내) 누계,연료전지 매출액(해외),연료전지 매출액(해외) 누계,연료전지 영업이익,연료전지 영업이익 누계,연료전지 영업이익(국내),연료전지 영업이익(국내) 누계,연료전지 영업이익(해외),연료전지 영업이익(해외) 누계,연료전지 조정영업이익,연료전지 조정영업이익 누계,연료전지 세전이익,연료전지 세전이익 누계,철도 매출액,철도 매출액 누계,철도 매출액(국내),철도 매출액(국내) 누계,철도 매출액(해외),철도 매출액(해외) 누계,철도 영업이익,철도 영업이익 누계,철도 영업이익(국내),철도 영업이익(국내) 누계,철도 영업이익(해외),철도 영업이익(해외) 누계,철도 조정영업이익,철도 조정영업이익 누계,철도 세전이익,철도 세전이익 누계,기타 매출액,기타 매출액 누계,기타 매출액(국내),기타 매출액(국내) 누계,기타 매출액(해외),기타 매출액(해외) 누계,기타 영업이익,기타 영업이익 누계,기타 영업이익(국내),기타 영업이익(국내) 누계,기타 영업이익(해외),기타 영업이익(해외) 누계,기타 조정영업이익,기타 조정영업이익 누계,기타 세전이익,기타 세전이익 누계,합계 매출액,합계 매출액 누계,합계 매출액(국내),합계 매출액(국내) 누계,합계 매출액(해외),합계 매출액(해외) 누계,합계 영업이익,합계 영업이익 누계,합계 영업이익(국내),합계 영업이익(국내) 누계,합계 영업이익(해외),합계 영업이익(해외) 누계,합계 조정영업이익,합계 조정영업이익 누계,합계 세전이익,합계 세전이익 누계
Y,Y,Y,Y,ELECTRIC,2024,1,상반기,1분기, 사업별손익,계획,30033291071,30033291071,30033291071,30033291071,0,0,7921908452,7921908452,7921908452,7921908452,0,0,7977666943,7977666943,7603965067,7603965067,8060700000,8060700000,8060700000,8060700000,0,0,1884130353,1884130353,1884130353,1884130353,0,0,1895264127,1895264127,1828735634,1828735634,1440000000,1440000000,1440000000,1440000000,0,0,165610396,165610396,165610396,165610396,0,0,167026401,167026401,157883074,157883074,3700000000,3700000000,3700000000,3700000000,0,0,1186160248,1186160248,1186160248,1186160248,0,0,1190641564,1190641564,1161705123,1161705123,345000000,345000000,345000000,345000000,0,0,96294940,96294940,96294940,96294940,0,0,96666907,96666907,94265067,94265067,21004334303,21004334303,21004334303,21004334303,0,0,514248864,514248864,514248864,514248864,0,0,526773066,526773066,452033571,452033571,2797087357,2797087357,2797087357,2797087357,0,0,0,0,0,0,0,0,0,0,0,0,1817027277,1817027277,1817027277,1817027277,0,0,0,0,0,0,0,0,0,0,0,0,12555376171,12555376171,12555376171,12555376171,0,0,487314074,487314074,487314074,487314074,0,0,479198496,479198496,528932883,528932883,2165431688,2165431688,2156455138,2156455138,8976550,8976550,0,0,0,0,0,0,0,0,0,0,0,0,0,0,0,0,0,0,0,0,0,0,0,0,0,0,0,0,0,0,0,0,0,0,0,0,0,0,0,0,0,0,0,0,0,0,0,0,0,0,0,0,0,0,0,0,0,0,0,0,0,0,0,0,0,0,0,0,0,0,0,0,0,0,0,0,0,0,0,0,0,0,0,0,0,0,0,0,0,0,0,0,0,0,0,0,0,0,0,0,0,0,0,0,0,0,0,0,0,0,0,0,0,0,0,0,0,0,0,0,0,0,0,0,0,0,0,0,0,0,0,0,0,0,0,0,0,0,0,0,0,0,0,0,0,0,0,0,0,0,0,0,0,0,3223418965,3223418965,3223418965,3223418965,0,0,0,0,0,0,0,0,0,0,0,0,0,0,0,0,0,0,0,0,0,0,0,0,0,0,0,0,0,0,0,0,0,0,0,0,0,0,0,0,0,0,0,0,605000000,605000000,605000000,605000000,0,0,132402347,132402347,132402347,132402347,0,0,132787598,132787598,130299979,130299979,13399681610,13399681610,7680772810,7680772810,5718908800,5718908800,0,0,0,0,0,0,0,0,0,0,1017790796,1017790796,1017790796,1017790796,0,0,0,0,0,0,0,0,0,0,0,0,0,0,0,0,0,0,0,0,0,0,0,0,0,0,0,0,0,0,0,0,0,0,0,0,0,0,0,0,0,0,0,0,0,0,0,0,0,0,0,0,0,0,0,0,0,0,0,0,0,0,0,0,0,0,0,0,0,0,0,0,0,0,0,0,1874834954,1874834954,1372875913,1372875913,501959041,501959041,0,0,0,0,0,0,0,0,0,0,100000000,100000000,100000000,100000000,0,0,0,0,0,0,0,0,0,0,0,0,1.04139E+11,1.04139E+11,97909129800,97909129800,6229844391,6229844391,5466155372,5466155372,5466155372,5466155372,0,0,5579379047,5579379047,4848279047,4848279047
Y,Y,Y,Y,ELECTRIC,2024,1,상반기,1분기, 사업별손익,실적,54358526437,54358526437,54358599825,54358599825,0,0,14488857006,14488857006,14488857006,14488857006,0,0,14359264940,14359264940,13998903043,13998903043,7117493397,7117493397,7117493397,7117493397,0,0,1742801607,1742801607,1742801607,1742801607,0,0,1716727781,1716727781,1636622602,1636622602,2889208294,2889208294,2889208294,2889208294,0,0,416266462,416266462,416266462,416266462,0,0,402371560,402371560,385533331,385533331,4669912437,4669912437,4669912437,4669912437,0,0,1779649314,1779649314,1779649314,1779649314,0,0,1760512688,1760512688,1714567394,1714567394,310509469,310509469,310509469,310509469,0,0,89062888,89062888,89062888,89062888,0,0,87737123,87737123,83820060,83820060,29476458072,29476458072,26794974292,26794974292,2681483780,2681483780,1685934350,1685934350,1685934350,1685934350,0,0,1703207969,1703207969,1396985921,1396985921,5492893911,5492893911,5465648724,5465648724,27245187,27245187,93662390,93662390,93662390,93662390,0,0,79619261,79619261,0,0,6023138293,6023138293,5813590055,5813590055,209548238,209548238,0,0,0,0,0,0,0,0,0,0,13084705312,13084705312,12746703763,12746703763,338001549,338001549,235847167,235847167,235847167,235847167,0,0,289949303,289949303,34045317,34045317,1717634016,1717634016,1523488197,1523488197,194145819,194145819,0,0,0,0,0,0,0,0,0,0,0,0,0,0,0,0,0,0,0,0,0,0,0,0,0,0,0,0,0,0,0,0,0,0,0,0,0,0,0,0,0,0,0,0,0,0,0,0,0,0,0,0,0,0,0,0,0,0,0,0,0,0,0,0,0,0,0,0,0,0,0,0,0,0,0,0,0,0,0,0,0,0,0,0,0,0,0,0,0,0,0,0,0,0,0,0,0,0,0,0,0,0,0,0,0,0,0,0,0,0,0,0,0,0,0,0,0,0,0,0,0,0,0,0,0,0,0,0,0,0,0,0,0,0,0,0,0,0,0,0,0,0,0,0,0,0,0,0,0,0,0,0,0,0,1310845731,1310845731,1310845731,1310845731,0,0,0,0,0,0,0,0,0,0,0,0,9713000,9713000,9713000,9713000,0,0,0,0,0,0,0,0,0,0,0,0,0,0,0,0,0,0,0,0,0,0,0,0,0,0,0,0,445838908,445838908,445838908,445838908,0,0,43297884,43297884,43297884,43297884,0,0,41861165,41861165,38010735,38010735,9941621232,9941621232,3973624041,3973624041,5967997191,5967997191,0,0,0,0,0,0,0,0,0,0,1902366811,1902366811,1902366811,1902366811,0,0,0,0,0,0,0,0,0,0,0,0,0,0,0,0,0,0,0,0,0,0,0,0,0,0,0,0,0,0,0,0,0,0,0,0,0,0,0,0,0,0,0,0,0,0,0,0,0,0,0,0,0,0,0,0,0,0,0,0,0,0,0,0,0,0,0,0,0,0,0,0,0,0,0,0,4699558404,4699558404,2131263411,2131263411,2568294993,2568294993,189341176,189341176,189341176,189341176,0,0,0,0,0,0,86670738,86670738,86670738,86670738,0,0,0,0,0,0,0,0,0,0,0,0,1.43537E+11,1.43537E+11,1.3155E+11,1.3155E+11,11986643369,11986643369,17730131176,17730131176,17730131176,17730131176,0,0,16799886000,16799886000,15079854443,15079854443
Y,Y,Y,Y,ELECTRIC,2024,2,상반기,1분기, 사업별손익,계획,31646202848,61679493919,31646202848,61679493919,0,0,7125225317,15047133769,7125225317,15047133769,0,0,7228933332,15206600275,6566340991,14170306057,7110300000,15171000000,7110300000,15171000000,0,0,1680015391,3564145744,1680015391,3564145744,0,0,1686851003,3582115130,1646005646,3474741280,1400000000,2840000000,1400000000,2840000000,0,0,140700677,306311073,140700677,306311073,0,0,142116682,309143083,132973355,290856429,3310000000,7010000000,3310000000,7010000000,0,0,888249857,2074410105,888249857,2074410105,0,0,892731173,2083372737,863794732,2025499855,245000000,590000000,245000000,590000000,0,0,52498125,148793065,52498125,148793065,0,0,52870092,149536999,50468252,144733319,14636144502,35640478804,14636144502,35640478804,0,0,0,117421520,0,117421520,0,0,0,115523304,0,126851104,2662063408,5459150765,2662063408,5459150765,0,0,0,0,0,0,0,0,0,0,0,0,3042530794,4859558070,3042530794,4859558070,0,0,0,0,0,0,0,0,0,0,0,0,7542591353,20097967524,7542591353,20097967524,0,0,136076648,623390722,136076648,623390722,0,0,130105901,609304397,166696202,695629085,2452595424,4618027112,1402123523,3558578661,1050471901,1059448451,0,0,0,0,0,0,0,0,0,0,0,0,0,0,0,0,0,0,0,0,0,0,0,0,0,0,0,0,0,0,0,0,0,0,0,0,0,0,0,0,0,0,0,0,0,0,0,0,0,0,0,0,0,0,0,0,0,0,0,0,0,0,0,0,0,0,0,0,0,0,0,0,0,0,0,0,0,0,0,0,0,0,0,0,0,0,0,0,0,0,0,0,0,0,0,0,0,0,0,0,0,0,0,0,0,0,0,0,0,0,0,0,0,0,0,0,0,0,0,0,0,0,0,0,0,0,0,0,0,0,0,0,0,0,0,0,0,0,0,0,0,0,0,0,0,0,0,0,0,0,0,0,0,0,6529250079,9752669044,6529250079,9752669044,0,0,0,0,0,0,0,0,0,0,0,0,0,0,0,0,0,0,0,0,0,0,0,0,0,0,0,0,0,0,0,0,0,0,0,0,0,0,0,0,0,0,0,0,505000000,1110000000,505000000,1110000000,0,0,106397093,238799440,106397093,238799440,0,0,106782344,239569942,104294725,234594704,14881245583,28280927193,1445284463,9126057273,13435961120,19154869920,0,0,0,0,0,0,0,0,0,0,1182067183,2199857979,1182067183,2199857979,0,0,0,0,0,0,0,0,0,0,0,0,0,0,0,0,0,0,0,0,0,0,0,0,0,0,0,0,0,0,0,0,0,0,0,0,0,0,0,0,0,0,0,0,0,0,0,0,0,0,0,0,0,0,0,0,0,0,0,0,0,0,0,0,0,0,0,0,0,0,0,0,0,0,0,0,642493753,2517328707,397028762,1769904675,245464991,747424032,0,0,0,0,0,0,0,0,0,0,100000000,200000000,100000000,200000000,0,0,0,0,0,0,0,0,0,0,0,0,97887484926,2.02026E+11,83155586914,1.81065E+11,14731898012,20961742403,3109231784,8575387157,3109231784,8575387157,0,0,3222455459,8801834507,2491355459,7339634507
Y,Y,Y,Y,ELECTRIC,2024,2,상반기,1분기, 사업별손익,실적,50994731240,1.05353E+11,50994734599,1.05353E+11,0,0,12914380266,27403237272,12914380266,27403237272,0,0,12509770524,26869035464,12189855861,26188758904,8347177799,15464671196,8347177799,15464671196,0,0,2379350910,4122152517,2379350910,4122152517,0,0,2288090712,4004818493,2214172668,3850795270,1213219006,4102427300,1213219006,4102427300,0,0,30981629,447248091,30981629,447248091,0,0,24430984,426802544,12005187,397538518,3184297109,7854209546,3184297109,7854209546,0,0,827106460,2606755774,827106460,2606755774,0,0,774710630,2535223318,732086875,2446654269,453157186,763666655,453157186,763666655,0,0,160400366,249463254,160400366,249463254,0,0,155336473,243073596,151643279,235463339,22749692899,52226150971,19833064464,46628038756,2916628435,5598112215,0,1004453508,0,1004453508,0,0,0,270332474,0,0,5600083785,11092977696,5591571442,11057220166,8512343,35757530,595212878,688875268,595212878,688875268,0,0,531167151,610786412,460900309,459230896,9185276639,15208414932,9166032585,14979622640,19244054,228792292,794863113,617451106,794863113,617451106,0,0,663667137,453832770,569280931,227876563,11980690684,25065395996,11967626983,24714330746,13063701,351065250,959680623,1195527790,959680623,1195527790,0,0,974265080,1264214383,727041505,761086822,2531156232,4248790248,1759206708,3282694905,771949524,966095343,0,0,0,0,0,0,0,0,0,0,0,0,0,0,0,0,0,0,0,0,0,0,0,0,0,0,0,0,0,0,0,0,0,0,0,0,0,0,0,0,0,0,0,0,0,0,0,0,0,0,0,0,0,0,0,0,0,0,0,0,0,0,0,0,0,0,0,0,0,0,0,0,0,0,0,0,0,0,0,0,0,0,0,0,0,0,0,0,0,0,0,0,0,0,0,0,0,0,0,0,0,0,0,0,0,0,0,0,0,0,0,0,0,0,0,0,0,0,0,0,0,0,0,0,0,0,0,0,0,0,0,0,0,0,0,0,0,0,0,0,0,0,0,0,0,0,0,0,0,0,0,0,0,0,4907187155,6218032886,4907187155,6218032886,0,0,0,0,0,0,0,0,0,0,0,0,24381100,34094100,24381100,34094100,0,0,0,0,0,0,0,0,0,0,0,0,0,0,0,0,0,0,0,0,0,0,0,0,0,0,0,0,172973072,618811980,172973072,618811980,0,0,5387300,48685184,5387300,48685184,0,0,789154,42650319,0,35261443,577792858,10519414090,237666836,4211290877,340126022,6308123213,0,0,0,0,0,0,0,0,0,0,123035418,2025402229,123035418,2025402229,0,0,0,0,0,0,0,0,0,0,0,0,0,0,0,0,0,0,0,0,0,0,0,0,0,0,0,0,0,0,0,0,0,0,0,0,0,0,0,0,0,0,0,0,0,0,0,0,0,0,0,0,0,0,0,0,0,0,0,0,0,0,0,0,0,0,0,0,0,0,0,0,0,0,0,0,2589419789,7288978193,1053792267,3185055678,1535627522,4103922515,0,0,0,0,0,0,0,0,0,0,84159152,170829890,84159152,170829890,0,0,0,0,0,0,0,0,0,0,0,0,1.24718E+11,2.68256E+11,1.19113E+11,2.50664E+11,5605148242,17591791611,15754438568,33484569744,15754438568,33484569744,0,0,14732250539,31532136539,13250300834,28330155277
Y,Y,Y,Y,ELECTRIC,2024,3,상반기,1분기, 사업별손익,계획,32361949688,94041443608,32361949688,94041443608,0,0,7655098419,22702232188,7655098419,22702232188,0,0,7327530586,22534130861,9242417481,23412723538,7664900000,22835900000,7664900000,22835900000,0,0,1825822003,5389967746,1825822003,5389967746,0,0,1834314308,5416429438,1783569584,5258310864,1410000000,4250000000,1410000000,4250000000,0,0,133261946,439573019,133261946,439573019,0,0,134677951,443821034,125534624,416391053,3750000000,10760000000,3750000000,10760000000,0,0,974709121,3049119226,974709121,3049119226,0,0,979190437,3062563174,950253996,2975753851,350000000,940000000,350000000,940000000,0,0,89069093,237862158,89069093,237862158,0,0,89441060,238978059,87039220,231772539,12707525266,48348004070,12707525266,48348004070,0,0,0,0,0,0,0,0,0,0,0,0,4843422011,10302572776,4843422011,10302572776,0,0,0,0,0,0,0,0,0,0,0,0,7548740303,12408298373,7548740303,12408298373,0,0,1866949610,545809708,1866949610,545809708,0,0,1877433418,559523224,1813231592,475542973,10033098018,30131065542,10033098018,30131065542,0,0,107291100,730681821,107291100,730681821,0,0,105989508,715293904,113966005,809595090,2598080703,7216107815,1982062329,5540640990,616018374,1675466825,0,0,0,0,0,0,0,0,0,0,0,0,0,0,0,0,0,0,0,0,0,0,0,0,0,0,0,0,0,0,0,0,0,0,0,0,0,0,0,0,0,0,0,0,0,0,0,0,0,0,0,0,0,0,0,0,0,0,0,0,0,0,0,0,0,0,0,0,0,0,0,0,0,0,0,0,0,0,0,0,0,0,0,0,0,0,0,0,0,0,0,0,0,0,0,0,0,0,0,0,0,0,0,0,0,0,0,0,0,0,0,0,0,0,0,0,0,0,0,0,0,0,0,0,0,0,0,0,0,0,0,0,0,0,0,0,0,0,0,0,0,0,0,0,0,0,0,0,0,0,0,0,0,0,11300075207,21052744251,11300075207,21052744251,0,0,0,0,0,0,0,0,0,0,0,0,0,0,0,0,0,0,0,0,0,0,0,0,0,0,0,0,0,0,0,0,0,0,0,0,0,0,0,0,0,0,0,0,505000000,1615000000,505000000,1615000000,0,0,102165280,340964720,102165280,340964720,0,0,102550531,342120473,100062912,334657616,16930886009,45211813202,2650703209,11776760482,14280182800,33435052720,0,0,0,0,0,0,0,0,0,0,1721371247,3921229226,1721371247,3921229226,0,0,0,0,0,0,0,0,0,0,0,0,0,0,0,0,0,0,0,0,0,0,0,0,0,0,0,0,0,0,0,0,0,0,0,0,0,0,0,0,0,0,0,0,0,0,0,0,0,0,0,0,0,0,0,0,0,0,0,0,0,0,0,0,0,0,0,0,0,0,0,0,0,0,0,0,8144304391,10661633098,2170488684,3940393359,5973815707,6721239739,1172784929,0,1172784929,0,0,0,1175802219,0,1156319194,0,100000000,300000000,100000000,300000000,0,0,0,0,0,0,0,0,0,0,0,0,1.21969E+11,3.23996E+11,1.01099E+11,2.82164E+11,20870016881,41831759284,7837953720,16413340877,7837953720,16413340877,0,0,7951177395,16753011902,7220077395,14559711902
Y,Y,Y,Y,ELECTRIC,2024,3,상반기,1분기, 사업별손익,실적,41821308164,1.47175E+11,41822362656,1.47176E+11,0,0,8915912630,36319149902,8915912630,36319149902,0,0,10244123542,37113159006,12036267173,38225026077,6269862816,21734534012,6269862816,21734534012,0,0,1335599097,5457751614,1335599097,5457751614,0,0,1687867453,5692685946,2092315574,5943110844,2908137923,7010565223,2908137923,7010565223,0,0,0,352521651,0,352521651,0,0,0,384965049,34772715,432311233,3585647931,11439857477,3585647931,11439857477,0,0,820697983,3427453757,820697983,3427453757,0,0,1025069970,3560293288,1258833759,3705488028,264669788,1028336443,264669788,1028336443,0,0,69155474,318618728,69155474,318618728,0,0,86777518,329851114,105979669,341443008,22057312988,74283463959,19956081502,66584120258,2101231486,7699343701,0,670853600,0,670853600,0,0,141035401,411367875,1668446253,1392494356,5377187082,16470164778,5396641549,16453861715,0,16303063,1160860101,1849735369,1160860101,1849735369,0,0,1291337691,1902124103,1628416417,2087647313,11644672067,26853086999,11597290149,26576912789,47381918,276174210,937090082,1554541188,937090082,1554541188,0,0,1401060765,1854893535,1983116229,2210992792,17150131314,42215527310,17113432642,41827763388,36698672,387763922,1691447429,2886975219,1691447429,2886975219,0,0,1726584794,2990799177,2250560404,3011647226,3625327082,7874117330,3424510560,6707205465,200816522,1166911865,55920499,0,55920499,0,0,0,65626888,0,631340300,0,0,0,0,0,0,0,0,0,0,0,0,0,0,0,0,0,0,0,0,0,0,0,0,0,0,0,0,0,0,0,0,0,0,0,0,0,0,0,0,0,0,0,0,0,0,0,0,0,0,0,0,0,0,0,0,0,0,0,0,0,0,0,0,0,0,0,0,0,0,0,0,0,0,0,0,0,0,0,0,0,0,0,0,0,0,0,0,0,0,0,0,0,0,0,0,0,0,0,0,0,0,0,0,0,0,0,0,0,0,0,0,0,0,0,0,0,0,0,0,0,0,0,0,0,0,0,0,0,0,0,0,0,0,0,0,0,0,0,0,0,0,0,0,0,11221051657,17439084543,11221051657,17439084543,0,0,0,0,0,0,0,0,0,0,35277029,0,31788000,65882100,31788000,65882100,0,0,0,0,0,0,0,0,0,0,0,0,0,0,0,0,0,0,0,0,0,0,0,0,0,0,0,0,393667310,1012479290,393667310,1012479290,0,0,14866241,63551425,14866241,63551425,0,0,32491874,75142193,52736905,87998348,26287035240,36806449330,908377507,5119668384,25378657733,31686780946,0,0,0,0,0,0,0,0,0,0,134885924,2160288153,134885924,2160288153,0,0,0,0,0,0,0,0,0,0,0,0,0,0,0,0,0,0,0,0,0,0,0,0,0,0,0,0,0,0,0,0,0,0,0,0,0,0,0,0,0,0,0,0,0,0,0,0,0,0,0,0,0,0,0,0,0,0,0,0,0,0,0,0,0,0,0,0,0,0,0,0,0,0,0,0,4881033597,12170011790,3394668323,6579724001,1486365274,5590287789,0,0,0,0,0,0,0,0,0,0,68457669,239287559,68457669,239287559,0,0,0,0,0,0,0,0,0,0,0,0,1.57722E+11,4.25978E+11,1.28492E+11,3.79155E+11,29230642646,46822434257,12321072250,45805641994,12321072250,45805641994,0,0,15207088408,46739224947,21815333733,50145489010
Y,Y,Y,Y,ELECTRIC,2024,4,상반기,2분기, 사업별손익,계획,30143233456,1.24185E+11,30143233456,1.24185E+11,0,0,7670432509,30372664697,7670432509,30372664697,0,0,7782422303,30316553164,7065880032,30478603570,7463650000,30299550000,7463650000,30299550000,0,0,2362583645,7752551391,2362583645,7752551391,0,0,2372856472,7789285910,2311472462,7569783326,1440000000,5690000000,1440000000,5690000000,0,0,149660788,589233807,149660788,589233807,0,0,151076793,594897827,141933466,558324519,3980000000,14740000000,3980000000,14740000000,0,0,1147233338,4196352564,1147233338,4196352564,0,0,1151714654,4214277828,1122778213,4098532064,390000000,1330000000,390000000,1330000000,0,0,104398743,342260901,104398743,342260901,0,0,104770710,343748769,102368870,334141409,11956278223,60304282293,11956278223,60304282293,0,0,0,0,0,0,0,0,0,0,0,0,2913507273,13216080049,2913507273,13216080049,0,0,0,0,0,0,0,0,0,0,0,0,6779515221,19187813594,6779515221,19187813594,0,0,211630886,757440594,211630886,757440594,0,0,214395713,773918937,197464182,673007155,16328349617,46459415159,16328349617,46459415159,0,0,884747956,1615429777,884747956,1615429777,0,0,846403012,1561696916,1081390871,1890985962,3665936370,10882044185,3239420695,8780061685,426515675,2101982500,0,0,0,0,0,0,0,0,0,0,0,0,0,0,0,0,0,0,0,0,0,0,0,0,0,0,0,0,0,0,0,0,0,0,0,0,0,0,0,0,0,0,0,0,0,0,0,0,0,0,0,0,0,0,0,0,0,0,0,0,0,0,0,0,0,0,0,0,0,0,0,0,0,0,0,0,0,0,0,0,0,0,0,0,0,0,0,0,0,0,0,0,0,0,0,0,0,0,0,0,0,0,0,0,0,0,0,0,0,0,0,0,0,0,0,0,0,0,0,0,0,0,0,0,0,0,0,0,0,0,0,0,0,0,0,0,0,0,0,0,0,0,0,0,0,0,0,0,0,0,0,0,0,0,5352005744,26404749995,5352005744,26404749995,0,0,0,0,0,0,0,0,0,0,0,0,0,0,0,0,0,0,0,0,0,0,0,0,0,0,0,0,0,0,0,0,0,0,0,0,0,0,0,0,0,0,0,0,505000000,2120000000,505000000,2120000000,0,0,106139748,447104468,106139748,447104468,0,0,106524999,448645472,104037380,438694996,19786968683,64998781885,773375563,12550136045,19013593120,52448645840,0,0,0,0,0,0,0,0,0,0,461784287,4383013513,461784287,4383013513,0,0,0,0,0,0,0,0,0,0,0,0,0,0,0,0,0,0,0,0,0,0,0,0,0,0,0,0,0,0,0,0,0,0,0,0,0,0,0,0,0,0,0,0,0,0,0,0,0,0,0,0,0,0,0,0,0,0,0,0,0,0,0,0,0,0,0,0,0,0,0,0,0,0,0,0,4768653443,15430286541,724914094,4665307453,4043739349,10764979088,0,0,0,0,0,0,0,0,0,0,100000000,400000000,100000000,400000000,0,0,0,0,0,0,0,0,0,0,0,0,1.16035E+11,4.40031E+11,92551034172,3.74715E+11,23483848144,65315607428,9112322007,25525662884,9112322007,25525662884,0,0,9225545682,25978557584,8494445682,23054157584
Y,Y,Y,Y,ELECTRIC,2024,4,상반기,2분기, 사업별손익,실적,39431178446,1.86606E+11,39437193871,1.86613E+11,0,0,9300571614,45619721516,9300571614,45619721516,0,0,12275697252,49388856258,11870807370,50095833447,8639381871,30373915883,8639381871,30373915883,0,0,2633041474,8090793088,2633041474,8090793088,0,0,3259261161,8951947107,3168142667,9111253511,1492833938,8503399161,1492833938,8503399161,0,0,115249538,467771189,115249538,467771189,0,0,231190630,616155679,215545250,647856483,4629562165,16069419642,4629562165,16069419642,0,0,1582510139,5009963896,1582510139,5009963896,0,0,1940336614,5500629902,1886966195,5592454223,493687656,1522024099,493687656,1522024099,0,0,177088186,495706914,177088186,495706914,0,0,207069375,536920489,202393423,543836431,17045018373,91328482332,15195731743,81779852001,1849286630,9548630331,0,0,0,0,0,0,513081360,924449235,229358333,1621852689,8775883057,25246047835,8765927426,25219789141,9955631,26258694,213789705,2063525074,213789705,2063525074,0,0,611572053,2513696156,546448856,2634096169,6421059705,33274146704,6409198549,32986111338,11861156,288035366,487044128,2041585316,487044128,2041585316,0,0,1341614465,3196508000,1217415350,3428408142,15660327534,57875854844,15658581886,57486345274,1745648,389509570,455626345,3342601564,455626345,3342601564,0,0,1115483274,4106282451,837319771,3848966997,3125630972,10999748302,2110018450,8817223915,1015612522,2182524387,0,0,0,0,0,0,566994139,0,487009819,22451527,0,0,0,0,0,0,0,0,0,0,0,0,0,0,0,0,0,0,0,0,0,0,0,0,0,0,0,0,0,0,0,0,0,0,0,0,0,0,0,0,0,0,0,0,0,0,0,0,0,0,0,0,0,0,0,0,0,0,0,0,0,0,0,0,0,0,0,0,0,0,0,0,0,0,0,0,0,0,0,0,0,0,0,0,0,0,0,0,0,0,0,0,0,0,0,0,0,0,0,0,0,0,0,0,0,0,0,0,0,0,0,0,0,0,0,0,0,0,0,0,0,0,0,0,0,0,0,0,0,0,0,0,0,0,0,0,0,0,0,0,0,0,0,0,13627221085,31066305628,13627221085,31066305628,0,0,0,0,0,0,0,0,355364685,0,225812583,0,39235000,105117100,39235000,105117100,0,0,0,0,0,0,0,0,0,0,0,0,0,0,0,0,0,0,0,0,0,0,0,0,0,0,0,0,386552902,1399032192,386552902,1399032192,0,0,59371549,122922974,59371549,122922974,0,0,90385285,165527478,85968877,173967225,25283907959,62090357289,1283713327,6403381711,24000194632,55686975578,667490827,0,667490827,0,0,0,707732739,0,634409029,0,498054032,2658342185,498054032,2658342185,0,0,0,0,0,0,0,0,0,0,0,0,0,0,0,0,0,0,0,0,0,0,0,0,0,0,0,0,0,0,0,0,0,0,0,0,0,0,0,0,0,0,0,0,0,0,0,0,0,0,0,0,0,0,0,0,0,0,0,0,0,0,0,0,0,0,0,0,0,0,0,0,6902032,0,885291,0,3766103060,15936114850,1812574427,8392298428,1953528633,7543816422,0,0,0,0,0,0,0,0,0,0,111026173,350313732,111026173,350313732,0,0,0,0,0,0,0,0,66947613,0,49423199,0,1.49427E+11,5.75404E+11,1.2059E+11,4.99746E+11,28836169427,75658603684,12790488112,58596130106,12790488112,58596130106,0,0,22840739970,69579964917,21066011912,71211500922
Y,Y,Y,Y,ELECTRIC,2024,5,상반기,2분기, 사업별손익,계획,35462945099,1.59648E+11,35462945099,1.59648E+11,0,0,8325986560,38698651256,8325986560,38698651256,0,0,8398411552,38714964716,7826804688,38305408258,7807200000,38106750000,7807200000,38106750000,0,0,1869949497,9622500888,1869949497,9622500888,0,0,1877947941,9667233851,1820595479,9390378806,1330000000,7020000000,1330000000,7020000000,0,0,105579270,694813077,105579270,694813077,0,0,106995275,701893102,96023283,654347802,3970000000,18710000000,3970000000,18710000000,0,0,1265978099,5462330663,1265978099,5462330663,0,0,1270459415,5484737243,1235735686,5334267750,400000000,1730000000,400000000,1730000000,0,0,108926304,451187205,108926304,451187205,0,0,109298271,453047040,106416064,440557473,25717996994,86022279286,25717996994,86022279286,0,0,1632353723,0,1632353723,0,0,0,1650162530,38456106,1522631419,0,2769091744,15985171793,2769091744,15985171793,0,0,0,0,0,0,0,0,0,0,0,0,7100130063,26287943656,7100130063,26287943656,0,0,609540427,1366981021,609540427,1366981021,0,0,623253677,1397172614,522479333,1195486488,9439347001,55898762160,9439347001,55898762160,0,0,0,812460540,0,812460540,0,0,0,729595215,0,1273121898,4818375855,15700420040,4355635444,13135697129,462740411,2564722911,0,0,0,0,0,0,0,0,0,0,0,0,0,0,0,0,0,0,0,0,0,0,0,0,0,0,0,0,0,0,0,0,0,0,0,0,0,0,0,0,0,0,0,0,0,0,0,0,0,0,0,0,0,0,0,0,0,0,0,0,0,0,0,0,0,0,0,0,0,0,0,0,0,0,0,0,0,0,0,0,0,0,0,0,0,0,0,0,0,0,0,0,0,0,0,0,0,0,0,0,0,0,0,0,0,0,0,0,0,0,0,0,0,0,0,0,0,0,0,0,0,0,0,0,0,0,0,0,0,0,0,0,0,0,0,0,0,0,0,0,0,0,0,0,0,0,0,0,0,0,0,0,0,0,30655385476,57060135471,30655385476,57060135471,0,0,0,0,0,0,0,0,0,0,0,0,0,0,0,0,0,0,0,0,0,0,0,0,0,0,0,0,0,0,0,0,0,0,0,0,0,0,0,0,0,0,0,0,515000000,2635000000,515000000,2635000000,0,0,107273845,554378313,107273845,554378313,0,0,107659096,556304568,104673953,543368949,5228259723,70227041608,545375563,13095511608,4682884160,57131530000,0,0,0,0,0,0,0,0,0,0,461784287,4844797800,461784287,4844797800,0,0,0,0,0,0,0,0,0,0,0,0,0,0,0,0,0,0,0,0,0,0,0,0,0,0,0,0,0,0,0,0,0,0,0,0,0,0,0,0,0,0,0,0,0,0,0,0,0,0,0,0,0,0,0,0,0,0,0,0,0,0,0,0,0,0,0,0,0,0,0,0,0,0,0,0,1756601124,17186887665,1310022729,5975330182,446578395,11211557483,0,0,0,0,0,0,0,0,0,0,100000000,500000000,100000000,500000000,0,0,0,0,0,0,0,0,0,0,0,0,1.37532E+11,5.77563E+11,1.3194E+11,5.06655E+11,5592202966,70907810394,6198406723,31724069607,6198406723,31724069607,0,0,6311630398,32290187982,5434310398,28488467982
Y,Y,Y,Y,ELECTRIC,2024,5,상반기,2분기, 사업별손익,실적,44919678264,2.31525E+11,44919678264,2.31533E+11,0,0,8801546794,54421268310,8801546794,54421268310,0,0,10398037075,59786893333,10024623086,60120456533,7622389611,37996305494,7622389611,37996305494,0,0,1805246923,9896040011,1805246923,9896040011,0,0,2162873511,11114820618,2078076114,11189329625,2339463122,10842862283,2339463122,10842862283,0,0,331399074,799170263,331399074,799170263,0,0,394154412,1010310091,380224802,1028081285,4129768417,20199188059,4129768417,20199188059,0,0,1326751050,6336714946,1326751050,6336714946,0,0,1537398747,7038028649,1488004246,7080458469,498339589,2020363688,498339589,2020363688,0,0,178957984,674664898,178957984,674664898,0,0,196078119,732998608,191694003,735530434,18651040814,1.0998E+11,17218905102,98998757103,1432135712,10980766043,0,0,0,0,0,0,0,579966630,0,1005030568,6763017859,32009065694,6744776322,31964565463,18241537,44500231,243329146,2306854220,243329146,2306854220,0,0,467371665,2981067821,396093094,3030189263,7859951431,41134098135,7810753204,40796864542,49198227,337233593,1010442669,3052027985,1010442669,3052027985,0,0,1460594546,4657102546,1347145182,4775553324,12105542431,69981397275,11260616569,68746961843,844925862,1234435432,1915460697,5258062261,1915460697,5258062261,0,0,2276060662,6382343113,1987046818,5836013815,3706487437,14706235739,2626513485,11443737400,1079973952,3262498339,0,0,0,0,0,0,0,0,0,0,0,0,0,0,0,0,0,0,0,0,0,0,0,0,0,0,0,0,0,0,0,0,0,0,0,0,0,0,0,0,0,0,0,0,0,0,0,0,0,0,0,0,0,0,0,0,0,0,0,0,0,0,0,0,0,0,0,0,0,0,0,0,0,0,0,0,0,0,0,0,0,0,0,0,0,0,0,0,0,0,0,0,0,0,0,0,0,0,0,0,0,0,0,0,0,0,0,0,0,0,0,0,0,0,0,0,0,0,0,0,0,0,0,0,0,0,0,0,0,0,0,0,0,0,0,0,0,0,0,0,0,0,0,0,0,0,0,0,0,0,0,0,0,0,6777715570,37844021198,6777715570,37844021198,0,0,0,0,0,0,0,0,0,0,0,0,44829000,149946100,44829000,149946100,0,0,0,0,0,0,0,0,0,0,0,0,0,0,0,0,0,0,0,0,0,0,0,0,0,0,0,0,257583639,1656615831,257583639,1656615831,0,0,18576847,141499821,18576847,141499821,0,0,36359215,201886693,32302631,206269856,4488384089,66578741378,1898315477,8301697188,2590068612,58277044190,0,0,0,0,0,0,0,0,0,0,156505305,2814847490,156505305,2814847490,0,0,0,0,0,0,0,0,0,0,0,0,0,0,0,0,0,0,0,0,0,0,0,0,0,0,0,0,0,0,0,0,0,0,0,0,0,0,0,0,0,0,0,0,0,0,0,0,0,0,0,0,0,0,0,0,0,0,0,0,0,0,0,0,0,0,0,0,0,0,0,0,0,0,0,0,2758571327,18694686177,782868351,9175166779,1975702976,9519519398,0,0,0,0,0,0,0,0,0,0,130460954,480774686,130460954,480774686,0,0,0,0,0,0,0,0,0,0,0,0,1.2321E+11,6.98614E+11,1.15219E+11,6.14965E+11,7990246878,83648850562,11751166268,70347296374,11751166268,70347296374,0,0,16238291381,85818256298,14494598730,85706099652
Y,Y,Y,Y,ELECTRIC,2024,6,상반기,2분기, 사업별손익,계획,34367642410,1.94015E+11,34367642410,1.94015E+11,0,0,8298757027,46997408284,8298757027,46997408284,0,0,11294446210,50009410926,11099426445,49404834703,8678800000,46785550000,8678800000,46785550000,0,0,2429792673,12052293560,2429792673,12052293560,0,0,2439105066,12106338917,2383460008,11773838813,1515500000,8535500000,1515500000,8535500000,0,0,84900348,779713425,84900348,779713425,0,0,86316353,788209455,77173026,731520828,3880000000,22590000000,3880000000,22590000000,0,0,1297561905,6759892568,1297561905,6759892568,0,0,1302043221,6786780464,1273106780,6607374530,380000000,2110000000,380000000,2110000000,0,0,109979983,561167188,109979983,561167188,0,0,110351950,563398990,107950110,548507583,30315324488,1.16338E+11,30315324488,1.16338E+11,0,0,3007698512,2639602012,3007698512,2639602012,0,0,1674244376,1712700482,1547804069,0,7921325229,23906497022,7921325229,23906497022,0,0,583626298,0,583626298,0,0,0,587104134,0,565089550,0,7716882874,34004826530,7716882874,34004826530,0,0,2110596762,3477577783,2110596762,3477577783,0,0,2123763902,3520936516,2043129606,3238616094,19520301064,75419063224,19520301064,75419063224,0,0,1620612097,2433072637,1620612097,2433072637,0,0,0,0,0,0,8210291880,23910711920,7264447455,20400144584,945844425,3510567336,1348235141,0,1348235141,0,0,0,1354450221,0,1314318636,0,0,0,0,0,0,0,0,0,0,0,0,0,0,0,0,0,0,0,0,0,0,0,0,0,0,0,0,0,0,0,0,0,0,0,0,0,0,0,0,0,0,0,0,0,0,0,0,0,0,0,0,0,0,0,0,0,0,0,0,0,0,0,0,0,0,0,0,0,0,0,0,0,0,0,0,0,0,0,0,0,0,0,0,0,0,0,0,0,0,0,0,0,0,0,0,0,0,0,0,0,0,0,0,0,0,0,0,0,0,0,0,0,0,0,0,0,0,0,0,0,0,0,0,0,0,0,0,0,0,0,0,0,0,0,0,0,0,0,0,0,0,0,0,0,8075884412,65136019883,8075884412,65136019883,0,0,0,0,0,0,0,0,0,0,0,0,0,0,0,0,0,0,0,0,0,0,0,0,0,0,0,0,0,0,0,0,0,0,0,0,0,0,0,0,0,0,0,0,505000000,3140000000,505000000,3140000000,0,0,106814355,661192668,106814355,661192668,0,0,107199606,663504174,104711987,648080936,6601508683,76828550291,457375563,13552887171,6144133120,63275663120,0,0,0,0,0,0,0,0,0,0,7392355347,12237153147,7392355347,12237153147,0,0,110898660,0,110898660,0,0,0,110898660,0,110898660,0,0,0,0,0,0,0,0,0,0,0,0,0,0,0,0,0,0,0,0,0,0,0,0,0,0,0,0,0,0,0,0,0,0,0,0,0,0,0,0,0,0,0,0,0,0,0,0,0,0,0,0,0,0,0,0,0,0,0,0,0,0,0,0,0,8155669797,25342557462,4916337845,10891668027,3239331952,14450889435,1118820389,0,1118820389,0,0,0,1121837679,0,1102354654,0,100000000,600000000,100000000,600000000,0,0,0,0,0,0,0,0,0,0,0,0,1.53336E+11,7.30899E+11,1.43007E+11,6.49662E+11,10329309497,81237119891,20253462369,51977531977,20253462369,51977531977,0,0,18366686044,50656874027,17635586044,46124054027
Y,Y,Y,Y,ELECTRIC,2024,6,상반기,2분기, 사업별손익,실적,44582829420,2.76108E+11,44582829420,2.76115E+11,0,0,8719499293,63140767603,8719499293,63140767603,0,0,7379657356,67166550689,7321680725,67442137258,7292050966,45288356460,7292050966,45288356460,0,0,1904786248,11800826259,1904786248,11800826259,0,0,1592394669,12707215287,1578873883,12768203508,2190908982,13033771265,2190908982,13033771265,0,0,0,636190305,0,636190305,0,0,0,785232411,0,804677735,3774562460,23973750519,3774562460,23973750519,0,0,735451718,7072166664,735451718,7072166664,0,0,559185780,7597214429,550656774,7631115243,324091657,2344455345,324091657,2344455345,0,0,90838967,765503865,90838967,765503865,0,0,76213918,809212526,75154000,810684434,26908272213,1.36888E+11,24306497439,1.23305E+11,2601774774,13582540817,0,0,0,0,0,0,0,0,0,0,6726593824,38735659518,6706328248,38670893711,20265576,64765807,0,1667146134,0,1667146134,0,0,0,2198282967,0,2320213326,9247490239,50381588374,8946774250,49743638792,300715989,637949582,1208011458,4260039443,1208011458,4260039443,0,0,809652352,5466754898,825319368,5600872692,12829381296,82810778571,12787944907,81534906750,41436389,1275871821,1698095062,6956157323,1698095062,6956157323,0,0,1530879175,7913222288,1527300907,7363314722,4778750027,19484985766,3336779379,14780516779,1441970648,4704468987,518366892,0,518366892,0,0,0,338425825,0,569026888,427495450,0,0,0,0,0,0,0,0,0,0,0,0,0,0,0,0,0,0,0,0,0,0,0,0,0,0,0,0,0,0,0,0,0,0,0,0,0,0,0,0,0,0,0,0,0,0,0,0,0,0,0,0,0,0,0,0,0,0,0,0,0,0,0,0,0,0,0,0,0,0,0,0,0,0,0,0,0,0,0,0,0,0,0,0,0,0,0,0,0,0,0,0,0,0,0,0,0,0,0,0,0,0,0,0,0,0,0,0,0,0,0,0,0,0,0,0,0,0,0,0,0,0,0,0,0,0,0,0,0,0,0,0,0,0,0,0,0,0,0,0,0,0,0,0,7945665980,45789687178,7945665980,45789687178,0,0,0,0,0,0,0,0,0,0,0,0,12389000,162335100,12389000,162335100,0,0,0,0,0,0,0,0,0,0,0,0,0,0,0,0,0,0,0,0,0,0,0,0,0,0,0,0,184930100,1841545931,184930100,1841545931,0,0,0,127756516,0,127756516,0,0,0,172967808,0,176844696,4063879959,70642621337,3842259144,12143956332,221620815,58498665005,0,0,0,0,0,0,0,0,0,0,4546775703,7361623193,4546775703,7361623193,0,0,972905462,0,972905462,0,0,0,1062949460,0,1045426049,0,0,0,0,0,0,0,0,0,0,0,0,0,0,0,0,0,0,0,0,0,0,0,0,0,0,0,0,0,0,0,0,0,0,0,0,0,0,0,0,0,0,0,0,0,0,0,0,0,0,0,0,0,0,0,0,0,0,0,0,0,0,0,0,0,9993299836,28687986013,256892917,9432059696,9736406919,19255926317,0,0,0,0,0,0,0,0,0,0,161827617,642602303,161827617,642602303,0,0,0,0,0,0,0,0,0,0,0,0,1.45564E+11,8.44178E+11,1.312E+11,7.46165E+11,14364191110,98013041672,13092809380,83440105754,13092809380,83440105754,0,0,9266238463,95084494761,9667014304,95373113956
Y,Y,Y,Y,ELECTRIC,2024,7,하반기,3분기, 사업별손익,계획,35477228308,2.29492E+11,35477228308,2.29492E+11,0,0,9036384210,56033792494,9036384210,56033792494,0,0,9019201936,59028612863,9082779294,58487613997,7327550000,54113100000,7327550000,54113100000,0,0,1874151280,13926444841,1874151280,13926444841,0,0,1883100937,13989439854,1829623369,13603462182,1630000000,10165500000,1630000000,10165500000,0,0,181035983,960749408,181035983,960749408,0,0,182451988,970661443,173308661,904829489,4250000000,26840000000,4250000000,26840000000,0,0,1514156997,8274049565,1514156997,8274049565,0,0,1518638313,8305418777,1489701872,8097076402,370000000,2480000000,370000000,2480000000,0,0,107396259,668563447,107396259,668563447,0,0,107768226,671167216,105366386,653873969,16449144037,1.32787E+11,16449144037,1.32787E+11,0,0,0,1826054186,0,1826054186,0,0,0,972433595,0,0,4500000000,28406497022,4500000000,28406497022,0,0,0,0,0,0,0,0,0,0,0,0,7738387174,41743213704,7738387174,41743213704,0,0,553999337,4031577121,553999337,4031577121,0,0,571680138,4092616654,463404621,3702020716,2910001534,78329064758,2910001534,78329064758,0,0,199552604,2632625241,199552604,2632625241,0,0,200316984,0,195632661,0,2895974408,26806686328,2459374983,22859519567,436599425,3947166761,0,0,0,0,0,0,0,0,0,0,0,0,0,0,0,0,0,0,0,0,0,0,0,0,0,0,0,0,0,0,0,0,0,0,0,0,0,0,0,0,0,0,0,0,0,0,0,0,0,0,0,0,0,0,0,0,0,0,0,0,0,0,0,0,0,0,0,0,0,0,0,0,0,0,0,0,0,0,0,0,0,0,0,0,0,0,0,0,0,0,0,0,0,0,0,0,0,0,0,0,0,0,0,0,0,0,0,0,0,0,0,0,0,0,0,0,0,0,0,0,0,0,0,0,0,0,0,0,0,0,0,0,0,0,0,0,0,0,0,0,0,0,0,0,0,0,0,0,0,0,0,0,0,0,8412084412,73548104295,8412084412,73548104295,0,0,0,0,0,0,0,0,0,0,0,0,0,0,0,0,0,0,0,0,0,0,0,0,0,0,0,0,0,0,0,0,0,0,0,0,0,0,0,0,0,0,0,0,515000000,3655000000,515000000,3655000000,0,0,111704130,772896798,111704130,772896798,0,0,112089381,775593555,109601762,757682698,3320575563,80149125854,820575563,14373462734,2500000000,65775663120,0,0,0,0,0,0,0,0,0,0,461784287,12698937434,461784287,12698937434,0,0,0,0,0,0,0,0,0,0,0,0,0,0,0,0,0,0,0,0,0,0,0,0,0,0,0,0,0,0,0,0,0,0,0,0,0,0,0,0,0,0,0,0,0,0,0,0,0,0,0,0,0,0,0,0,0,0,0,0,1000000000,1000000000,1000000000,1000000000,0,0,43995392,0,43995392,0,0,0,44199331,0,42882474,0,5023342552,30365900014,4559687557,15451355584,463654995,14914544430,350420589,0,350420589,0,0,0,353437879,0,333954854,0,100000000,700000000,100000000,700000000,0,0,0,0,0,0,0,0,0,0,0,0,1.02381E+11,8.3328E+11,98980817854,7.48643E+11,3400254420,84637374311,8814775671,60792307648,8814775671,60792307648,0,0,8927999346,59584873373,8196899346,54320953373
Y,Y,Y,Y,ELECTRIC,2024,7,하반기,3분기, 사업별손익,실적,63254541733,3.39363E+11,63254541733,3.3937E+11,0,0,10314783991,73455551594,10314783991,73455551594,0,0,9806309959,76972860648,9357207105,76799344363,9365429826,54653786286,9365429826,54653786286,0,0,2535269594,14336095853,2535269594,14336095853,0,0,2411007535,15118222822,2309234368,15077437876,3685883938,16719655203,3685883938,16719655203,0,0,664018570,1300208875,664018570,1300208875,0,0,656640430,1441872841,641412994,1446090729,5199808357,29173558876,5199808357,29173558876,0,0,2000354232,9072520896,2000354232,9072520896,0,0,1932813616,9530028045,1872900586,9504015829,413008131,2757463476,413008131,2757463476,0,0,143909956,909413821,143909956,909413821,0,0,138244313,947456839,132863860,943548294,19208911900,1.56097E+11,17948157377,1.41253E+11,1260754523,14843295340,0,0,0,0,0,0,0,0,0,0,7995316954,46730976472,7986900618,46657794329,8416336,73182143,207651671,1874797805,207651671,1874797805,0,0,122250405,2320533372,44675319,2364888645,10062538853,60444127227,10000968120,59744606912,61570733,699520315,1328213836,5588253279,1328213836,5588253279,0,0,1166834224,6633589122,1036022939,6636895631,8845514071,91656292642,8843739406,90378646156,1774665,1277646486,250745841,7206903164,250745841,7206903164,0,0,191787400,8105009688,0,7200498717,2882408666,22367394432,2481751744,17262268523,400656922,5105125909,17346053,0,17346053,0,0,0,0,0,0,236558485,0,0,0,0,0,0,0,0,0,0,0,0,0,0,0,0,0,0,0,0,0,0,0,0,0,0,0,0,0,0,0,0,0,0,0,0,0,0,0,0,0,0,0,0,0,0,0,0,0,0,0,0,0,0,0,0,0,0,0,0,0,0,0,0,0,0,0,0,0,0,0,0,0,0,0,0,0,0,0,0,0,0,0,0,0,0,0,0,0,0,0,0,0,0,0,0,0,0,0,0,0,0,0,0,0,0,0,0,0,0,0,0,0,0,0,0,0,0,0,0,0,0,0,0,0,0,0,0,0,0,0,0,0,0,0,0,0,0,0,0,0,0,0,0,77663752,45867350930,77663752,45867350930,0,0,0,0,0,0,0,0,0,0,0,0,26825000,189160100,26825000,189160100,0,0,0,0,0,0,0,0,0,0,0,0,0,0,0,0,0,0,0,0,0,0,0,0,0,0,0,0,615742740,2457288671,615742740,2457288671,0,0,37791465,165547981,37791465,165547981,0,0,31959547,204927355,27064683,203909379,3984503714,74627125051,495583028,12639539360,3488920686,61987585691,0,0,0,0,0,0,0,0,0,0,398116157,7759739350,398116157,7759739350,0,0,0,0,0,0,0,0,0,0,0,0,0,0,0,0,0,0,0,0,0,0,0,0,0,0,0,0,0,0,0,0,0,0,0,0,0,0,0,0,0,0,0,0,0,0,0,0,0,0,0,0,0,0,0,0,0,0,0,0,0,0,0,0,0,0,0,0,0,0,0,0,0,0,0,0,5813539401,34501525414,3283526667,12715586363,2530012734,21785939051,526376027,0,526376027,0,0,0,85002539,0,0,0,138359957,780962260,138359957,780962260,0,0,0,0,0,0,0,0,0,0,0,0,1.41968E+11,9.86146E+11,1.34216E+11,8.80381E+11,7752106599,1.05765E+11,12788188941,96228294695,12788188941,96228294695,0,0,11022165705,1.06107E+11,9027644909,1.04401E+11
Y,Y,Y,Y,ELECTRIC,2024,8,하반기,3분기, 사업별손익,계획,26694540999,2.56187E+11,26694540999,2.56187E+11,0,0,6624712343,62658504837,6624712343,62658504837,0,0,6682567861,65711180723,6297585785,64785199782,6686800000,60799900000,6686800000,60799900000,0,0,1687842751,15614287591,1687842751,15614287591,0,0,1696001942,15685441796,1647247700,15250709882,1260000000,11425500000,1260000000,11425500000,0,0,1474304,962223712,1474304,962223712,0,0,2890309,973551752,0,898576471,3470000000,30310000000,3470000000,30310000000,0,0,968722630,9242772195,968722630,9242772195,0,0,973203946,9278622723,944267505,9041343907,360000000,2840000000,360000000,2840000000,0,0,93541786,762105233,93541786,762105233,0,0,93913753,765080969,91511913,745385882,19655089646,1.52442E+11,19655089646,1.52442E+11,0,0,315163055,2141217241,315163055,2141217241,0,0,320757214,1293190808,287373483,0,10858108505,39264605527,10858108505,39264605527,0,0,1477187215,0,1477187215,0,0,0,1483488271,0,1443602792,0,8248307070,49991520773,8248307070,49991520773,0,0,1226061152,5257638272,1226061152,5257638272,0,0,1234948685,5327565340,1180522286,4882543002,5277435722,83606500480,5277435722,83606500480,0,0,329810979,2962436220,329810979,2962436220,0,0,331447733,0,321417275,0,5579935726,32386622054,5073349901,27932869468,506585825,4453752586,161338501,0,161338501,0,0,0,167553581,0,127421996,0,0,0,0,0,0,0,0,0,0,0,0,0,0,0,0,0,0,0,0,0,0,0,0,0,0,0,0,0,0,0,0,0,0,0,0,0,0,0,0,0,0,0,0,0,0,0,0,0,0,0,0,0,0,0,0,0,0,0,0,0,0,0,0,0,0,0,0,0,0,0,0,0,0,0,0,0,0,0,0,0,0,0,0,0,0,0,0,0,0,0,0,0,0,0,0,0,0,0,0,0,0,0,0,0,0,0,0,0,0,0,0,0,0,0,0,0,0,0,0,0,0,0,0,0,0,0,0,0,0,0,0,0,0,0,0,0,0,0,0,0,0,0,0,0,26990924412,1.00539E+11,26990924412,1.00539E+11,0,0,444921825,0,444921825,0,0,0,448857812,0,423442626,0,0,0,0,0,0,0,0,0,0,0,0,0,0,0,0,0,0,0,0,0,0,0,0,0,0,0,0,0,0,0,0,0,515000000,4170000000,515000000,4170000000,0,0,110232714,883129512,110232714,883129512,0,0,110617965,886211520,108130346,865813044,6469375563,86618501417,1469375563,15842838297,5000000000,70775663120,0,0,0,0,0,0,0,0,0,0,2835402513,15534339947,2835402513,15534339947,0,0,0,0,0,0,0,0,0,0,0,0,0,0,0,0,0,0,0,0,0,0,0,0,0,0,0,0,0,0,0,0,0,0,0,0,0,0,0,0,0,0,0,0,0,0,0,0,0,0,0,0,0,0,0,0,0,0,0,0,1000000000,2000000000,1000000000,2000000000,0,0,42022612,0,42022612,0,0,0,42226551,0,40909694,0,4459200685,34825100699,231926590,15683282174,4227274095,19141818525,0,0,0,0,0,0,0,0,0,0,100000000,800000000,100000000,800000000,0,0,0,0,0,0,0,0,0,0,0,0,1.3046E+11,9.6374E+11,1.20726E+11,8.69369E+11,9733859920,94371234231,11653898632,72446206280,11653898632,72446206280,0,0,11767122307,71351995680,11036022307,65356975680
Y,Y,Y,Y,ELECTRIC,2024,8,하반기,3분기, 사업별손익,실적,53651575449,3.93014E+11,53651575449,3.93022E+11,0,0,6983605674,80439157268,6983605674,80439157268,0,0,6819406379,83792267027,6398662604,83198006967,6389951516,61043737802,6389951516,61043737802,0,0,1309162744,15645258597,1309162744,15645258597,0,0,1272362463,16390585285,1175824772,16253262648,1045632824,17765288027,1045632824,17765288027,0,0,0,1282853499,0,1282853499,0,0,0,1425569647,0,1416970527,4628712985,33802271861,4628712985,33802271861,0,0,1447467202,10519988098,1447467202,10519988098,0,0,1425292650,10955320695,1368407867,10872423696,358116030,3115579506,358116030,3115579506,0,0,116356007,1025769828,116356007,1025769828,0,0,114492057,1061948896,109320181,1052868475,26592613874,1.82689E+11,21789067638,1.63042E+11,4803546236,19646841576,0,0,0,0,0,0,0,0,0,0,5669108543,52400085015,5510234411,52168028740,158874132,232056275,219464422,2094262227,219464422,2094262227,0,0,233985750,2554519122,156227644,2521116289,8917526136,69361653363,8918095200,68662702112,0,698951251,234236766,5822490045,234236766,5822490045,0,0,175007129,6808596251,60481226,6697376857,9014249694,1.00671E+11,9007201197,99385847353,7048497,1284694983,0,6698090563,0,6698090563,0,0,0,7566515276,0,6301130896,2819793772,25187188204,2611658039,19873926562,208135733,5313261642,0,0,0,0,0,0,0,0,0,75774211,0,0,0,0,0,0,0,0,0,0,0,0,0,0,0,0,0,0,0,0,0,0,0,0,0,0,0,0,0,0,0,0,0,0,0,0,0,0,0,0,0,0,0,0,0,0,0,0,0,0,0,0,0,0,0,0,0,0,0,0,0,0,0,0,0,0,0,0,0,0,0,0,0,0,0,0,0,0,0,0,0,0,0,0,0,0,0,0,0,0,0,0,0,0,0,0,0,0,0,0,0,0,0,0,0,0,0,0,0,0,0,0,0,0,0,0,0,0,0,0,0,0,0,0,0,0,0,0,0,0,0,0,0,0,0,0,0,0,0,0,0,0,0,0,1807535935,47674886865,1807535935,47674886865,0,0,0,0,0,0,0,0,0,0,0,0,14711900,203872000,14711900,203872000,0,0,0,0,0,0,0,0,0,0,0,0,0,0,0,0,0,0,0,0,0,0,0,0,0,0,0,0,727804058,3185092729,727804058,3185092729,0,0,42097127,207645108,42097127,207645108,0,0,40084164,245011519,35470363,239379742,852577421,75479702472,543410946,13182950306,309166475,62296752166,0,0,0,0,0,0,0,0,0,0,30823958,7790563308,30823958,7790563308,0,0,0,0,0,0,0,0,0,0,0,0,0,0,0,0,0,0,0,0,0,0,0,0,0,0,0,0,0,0,0,0,0,0,0,0,0,0,0,0,0,0,0,0,0,0,0,0,0,0,0,0,0,0,0,0,0,0,0,0,0,0,0,0,0,0,0,0,0,0,0,0,0,0,0,0,3814369931,38315895345,2309534686,15025121049,1504835245,23290774296,120763788,0,120763788,0,0,0,0,0,0,0,738475381,1519437641,738475381,1519437641,0,0,0,0,0,0,0,0,0,0,0,0,1.27074E+11,1.11322E+12,1.20083E+11,1.00046E+12,6991037254,1.12756E+11,4670641796,1.00899E+11,4670641796,1.00899E+11,0,0,2748260634,1.08855E+11,370722693,1.04771E+11
Y,Y,Y,Y,ELECTRIC,2024,9,하반기,3분기, 사업별손익,계획,27633540999,2.83821E+11,27633540999,2.83821E+11,0,0,7901391179,70559896017,7901391179,70559896017,0,0,7956635635,73667816359,7588495262,72373695044,6523250000,67323150000,6523250000,67323150000,0,0,1341287693,16955575284,1341287693,16955575284,0,0,1349227395,17034669191,1301784685,16552494567,1240000000,12665500000,1240000000,12665500000,0,0,91135162,1053358874,91135162,1053358874,0,0,92551167,1066102919,83407840,981984311,3990000000,34300000000,3990000000,34300000000,0,0,1239708902,10482481097,1239708902,10482481097,0,0,1244190218,10522812941,1215253777,10256597684,430000000,3270000000,430000000,3270000000,0,0,125038284,887143517,125038284,887143517,0,0,125410251,890491220,123008411,868394293,17242974333,1.69685E+11,17242974333,1.69685E+11,0,0,43039773,2184257014,43039773,2184257014,0,0,43684400,1336875208,39837523,0,8878044497,48142650024,8878044497,48142650024,0,0,468205803,0,468205803,0,0,0,474600508,0,434122233,0,11074957041,61066477814,11074957041,61066477814,0,0,2839626646,8097264919,2839626646,8097264919,0,0,2852400203,8179965543,2774176175,7656719177,20621149281,1.04228E+11,20621149281,1.04228E+11,0,0,2032783815,4995220035,2032783815,4995220035,0,0,2038244610,1320468490,2004779430,1724049360,8547142861,40933764915,6382774286,34315643754,2164368575,6618121161,1487575676,0,1487575676,0,0,0,1493790756,0,1453659171,0,0,0,0,0,0,0,0,0,0,0,0,0,0,0,0,0,0,0,0,0,0,0,0,0,0,0,0,0,0,0,0,0,0,0,0,0,0,0,0,0,0,0,0,0,0,0,0,0,0,0,0,0,0,0,0,0,0,0,0,0,0,0,0,0,0,0,0,0,0,0,0,0,0,0,0,0,0,0,0,0,0,0,0,0,0,0,0,0,0,0,0,0,0,0,0,0,0,0,0,0,0,0,0,0,0,0,0,0,0,0,0,0,0,0,0,0,0,0,0,0,0,0,0,0,0,0,0,0,0,0,0,0,0,0,0,0,0,0,0,0,0,0,0,0,23531504412,1.24071E+11,23531504412,1.24071E+11,0,0,18960864,0,18960864,0,0,0,22896851,0,0,0,0,0,0,0,0,0,0,0,0,0,0,0,0,0,0,0,0,0,0,0,0,0,0,0,0,0,0,0,0,0,0,0,515000000,4685000000,515000000,4685000000,0,0,110605251,993734763,110605251,993734763,0,0,110990502,997202022,108502883,974315927,5673375563,92291876980,673375563,16516213860,5000000000,75775663120,0,0,0,0,0,0,0,0,0,0,1348906961,16883246908,1348906961,16883246908,0,0,0,0,0,0,0,0,0,0,0,0,0,0,0,0,0,0,0,0,0,0,0,0,0,0,0,0,0,0,0,0,0,0,0,0,0,0,0,0,0,0,0,0,0,0,0,0,0,0,0,0,0,0,0,0,0,0,0,0,2000000000,4000000000,2000000000,4000000000,0,0,121141011,0,121141011,0,0,0,121344950,0,120028093,0,2634315178,37459415877,976311998,16659594172,1658003180,20799821705,0,0,0,0,0,0,0,0,0,0,210000000,1010000000,210000000,1010000000,0,0,0,0,0,0,0,0,0,0,0,0,1.42094E+11,1.10583E+12,1.33272E+11,1.00264E+12,8822371755,1.03194E+11,15205292008,87651498289,15205292008,87651498289,0,0,15318515683,86670511364,14587415683,79944391364
Y,Y,Y,Y,ELECTRIC,2024,9,하반기,3분기, 사업별손익,실적,45455237389,4.3847E+11,45455237389,4.38477E+11,0,0,7963126566,88402283834,7963126566,88402283834,0,0,9152887731,92945154758,7401885342,90599892309,6459155343,67502893145,6459155343,67502893145,0,0,1565665003,17210923600,1565665003,17210923600,0,0,1831377136,18221962421,1433086496,17686349144,1807236200,19572524227,1807236200,19572524227,0,0,0,1169924339,0,1169924339,0,0,0,1352131959,0,1278221396,5119580794,38921852655,5119580794,38921852655,0,0,905673975,11425662073,905673975,11425662073,0,0,1061291091,12016611786,829944363,11702368059,401890954,3517470460,401890954,3517470460,0,0,244598561,1270368389,244598561,1270368389,0,0,257503885,1319452781,237799467,1290667942,16424640292,1.99114E+11,15520879837,1.78563E+11,903760455,20550602031,0,0,0,0,0,0,0,0,0,0,5658827761,58058912776,5649694244,57817722984,9133517,241189792,0,1770027436,0,1770027436,0,0,0,2502242350,0,2291528890,6607995681,75969649044,6528995872,75191697984,78999809,777951060,489858648,6312348693,489858648,6312348693,0,0,856646692,7665242943,367305371,7064682228,8431002529,1.09102E+11,8420383380,1.07806E+11,10619149,1295314132,0,6318046993,0,6318046993,0,0,198385080,7764900356,0,6016400967,3225592616,28412780820,2749078300,22623004862,476514316,5789775958,264875694,0,264875694,0,0,0,265537299,45418570,183391818,259166029,0,0,0,0,0,0,0,0,0,0,0,0,0,0,0,0,0,0,0,0,0,0,0,0,0,0,0,0,0,0,0,0,0,0,0,0,0,0,0,0,0,0,0,0,0,0,0,0,0,0,0,0,0,0,0,0,0,0,0,0,0,0,0,0,0,0,0,0,0,0,0,0,0,0,0,0,0,0,0,0,0,0,0,0,0,0,0,0,0,0,0,0,0,0,0,0,0,0,0,0,0,0,0,0,0,0,0,0,0,0,0,0,0,0,0,0,0,0,0,0,0,0,0,0,0,0,0,0,0,0,0,0,0,0,0,0,0,0,0,0,0,0,0,0,18725786736,66400673601,18725786736,66400673601,0,0,734535694,0,734535694,0,0,0,290941555,0,32690932,0,5749700,209621700,5749700,209621700,0,0,0,0,0,0,0,0,0,0,0,0,0,0,0,0,0,0,0,0,0,0,0,0,0,0,0,0,328089356,3513182085,328089356,3513182085,0,0,0,171271967,0,171271967,0,0,0,221945898,0,196726982,5703793901,81183496373,356012089,13538962395,5347781812,67644533978,0,0,0,0,0,0,0,0,0,0,623098458,8413661766,623098458,8413661766,0,0,0,0,0,0,0,0,0,0,0,0,0,0,0,0,0,0,0,0,0,0,0,0,0,0,0,0,0,0,0,0,0,0,0,0,0,0,0,0,0,0,0,0,0,0,0,0,0,0,0,0,0,0,0,0,0,0,0,0,0,0,0,0,0,0,0,0,0,0,0,0,0,0,0,0,3861811015,42177706360,1906930832,16932051881,1954880183,25245654479,70677540,0,70677540,0,0,0,0,0,0,0,560282682,2079720323,560282682,2079720323,0,0,0,0,0,0,0,0,0,0,0,0,1.294E+11,1.24262E+12,1.20618E+11,1.12108E+12,8781689241,1.21538E+11,8307137443,1.09206E+11,8307137443,1.09206E+11,0,0,10871562887,1.19726E+11,5536150545,1.10308E+11
Y,Y,Y,Y,ELECTRIC,2024,10,하반기,4분기, 사업별손익,계획,32726357267,3.16547E+11,32726357267,3.16547E+11,0,0,8761654903,79321550919,8761654903,79321550919,0,0,8782962379,82450778737,8613544107,80987239150,7239500000,74562650000,7239500000,74562650000,0,0,1570276134,18525851418,1570276134,18525851418,0,0,1579554467,18614223658,1524112932,18076607499,1410000000,14075500000,1410000000,14075500000,0,0,80881397,1134240271,80881397,1134240271,0,0,82297402,1148400321,73154075,1055138386,4100000000,38400000000,4100000000,38400000000,0,0,1279741034,11762222131,1279741034,11762222131,0,0,1284222350,11807035291,1255285909,11511883593,320000000,3590000000,320000000,3590000000,0,0,84477459,971620976,84477459,971620976,0,0,84849426,975340646,82447586,950841879,19283449340,1.88968E+11,19283449340,1.88968E+11,0,0,523289080,2707546094,523289080,2707546094,0,0,580624004,1917499211,238471824,0,9668854280,57811504304,9668854280,57811504304,0,0,860126943,0,860126943,0,0,0,866450915,0,826420378,0,4356666667,65423144481,4356666667,65423144481,0,0,0,7826558571,0,7826558571,0,0,0,7901382142,0,7426374090,5434367232,1.09662E+11,5434367232,1.09662E+11,0,0,317992701,5313212735,317992701,5313212735,0,0,320044128,1640512618,307472443,2031521803,5716900989,46650665904,5512605314,39828249068,204295675,6822416836,0,0,0,0,0,0,0,0,0,0,0,0,0,0,0,0,0,0,0,0,0,0,0,0,0,0,0,0,0,0,0,0,0,0,0,0,0,0,0,0,0,0,0,0,0,0,0,0,0,0,0,0,0,0,0,0,0,0,0,0,0,0,0,0,0,0,0,0,0,0,0,0,0,0,0,0,0,0,0,0,0,0,0,0,0,0,0,0,0,0,0,0,0,0,0,0,0,0,0,0,0,0,0,0,0,0,0,0,0,0,0,0,0,0,0,0,0,0,0,0,0,0,0,0,0,0,0,0,0,0,0,0,0,0,0,0,0,0,0,0,0,0,0,0,0,0,0,0,0,0,0,0,0,0,21312924412,1.45383E+11,21312924412,1.45383E+11,0,0,0,0,0,0,0,0,0,0,0,0,0,0,0,0,0,0,0,0,0,0,0,0,0,0,0,0,0,0,0,0,0,0,0,0,0,0,0,0,0,0,0,0,615000000,5300000000,615000000,5300000000,0,0,137980720,1131715483,137980720,1131715483,0,0,138365971,1135567993,135878352,1110194279,7723375563,1.00015E+11,223375563,16739589423,7500000000,83275663120,0,0,0,0,0,0,0,0,0,0,0,16883246908,0,16883246908,0,0,0,0,0,0,0,0,0,0,0,0,0,0,0,0,0,0,0,0,0,0,0,0,0,0,0,0,0,0,0,0,0,0,0,0,0,0,0,0,0,0,0,0,0,0,0,0,0,0,0,0,0,0,0,0,0,0,0,0,2000000000,6000000000,2000000000,6000000000,0,0,123165437,104999846,123165437,104999846,0,0,123369376,107039236,122052519,93607294,1907438014,39366853891,1680163909,18339758081,227274105,21027095810,0,0,0,0,0,0,0,0,0,0,210000000,1220000000,210000000,1220000000,0,0,0,0,0,0,0,0,0,0,0,0,1.24025E+11,1.22986E+12,1.16093E+11,1.11873E+12,7931569780,1.11125E+11,10235384881,97886883170,10235384881,97886883170,0,0,10348608556,97019119920,9617508556,89561899920
Y,Y,Y,Y,ELECTRIC,2024,10,하반기,4분기, 사업별손익,실적,52514005424,4.90984E+11,52514005424,4.90991E+11,0,0,5229832984,93632116818,5229832984,93632116818,0,0,4704039820,97649194578,5642300599,96242192908,7724971510,75227864655,7724971510,75227864655,0,0,1752225926,18963149526,1752225926,18963149526,0,0,1668731631,19890694052,1841230557,19527579701,2156300905,21728825132,2156300905,21728825132,0,0,237055697,1406980036,237055697,1406980036,0,0,202927756,1555059715,232390886,1510612282,3097937731,42019790386,3097937731,42019790386,0,0,665019972,12090682045,665019972,12090682045,0,0,610246629,12626858415,714231628,12416599687,374164732,3891635192,374164732,3891635192,0,0,127431533,1397799922,127431533,1397799922,0,0,122625341,1442078122,130226472,1420894414,20779126488,2.19893E+11,16180789139,1.94744E+11,4598337349,25148939380,0,0,0,0,0,0,0,0,0,0,8623507254,66682420030,8623537969,66441260953,0,241159077,0,1288993002,0,1288993002,0,0,0,2018370129,0,1963180735,8499938390,84469587434,8486627435,83678325419,13310955,791262015,615116453,6927465146,615116453,6927465146,0,0,495464866,8160707809,570698903,7635381131,10497793473,1.19599E+11,10482690136,1.18289E+11,15103337,1310417469,0,6022618720,0,6022618720,0,0,0,7172238943,0,5468811280,6797323697,35210104517,6542901381,29165906243,254422316,6044198274,958775949,656792295,958775949,656792295,0,0,904476892,949895462,1021438229,1280604258,0,0,0,0,0,0,0,0,0,0,0,0,0,0,0,0,0,0,0,0,0,0,0,0,0,0,0,0,0,0,0,0,0,0,0,0,0,0,0,0,0,0,0,0,0,0,0,0,0,0,0,0,0,0,0,0,0,0,0,0,0,0,0,0,0,0,0,0,0,0,0,0,0,0,0,0,0,0,0,0,0,0,0,0,0,0,0,0,0,0,0,0,0,0,0,0,0,0,0,0,0,0,0,0,0,0,0,0,0,0,0,0,0,0,0,0,0,0,0,0,0,0,0,0,0,0,0,0,0,0,0,0,0,0,0,0,0,0,0,0,0,0,0,0,15355666359,81756339960,15355666359,81756339960,0,0,1755401893,0,1755401893,0,0,0,1662070517,0,1618266729,0,18850000,228471700,18850000,228471700,0,0,0,0,0,0,0,0,0,0,0,0,0,0,0,0,0,0,0,0,0,0,0,0,0,0,0,0,535232337,4048414422,535232337,4048414422,0,0,21356407,192628374,21356407,192628374,0,0,17599775,239545673,24361120,221088102,946645219,82130141592,422611506,13961573901,524033713,68168567691,0,0,0,0,0,0,0,0,0,0,0,7925192442,0,7925192442,0,0,0,0,0,0,0,0,0,0,0,0,0,0,0,0,0,0,0,0,0,0,0,0,0,0,0,0,0,0,0,0,0,0,0,0,0,0,0,0,0,0,0,0,0,0,0,0,0,0,0,0,0,0,0,0,0,0,0,0,0,0,0,0,0,0,0,0,0,0,0,0,0,0,0,0,2276911509,44454617869,1342867229,18274919110,934044280,26179698759,0,0,0,0,0,0,0,0,0,0,210287828,2290008151,210287828,2290008151,0,0,108275068,0,108275068,0,0,0,106481826,0,107696356,0,1.3992E+11,1.38254E+12,1.33581E+11,1.25466E+12,6339221235,1.27877E+11,3968439108,1.13175E+11,3968439108,1.13175E+11,0,0,3736048592,1.23463E+11,5457580550,1.15765E+11
Y,Y,Y,Y,ELECTRIC,2024,11,하반기,4분기, 사업별손익,계획,31527071094,3.48074E+11,31527071094,3.48074E+11,0,0,9041046848,88362597767,9041046848,88362597767,0,0,9250866693,91701645430,7930532802,88917771952,7042900000,81605550000,7042900000,81605550000,0,0,1672735641,20198587059,1672735641,20198587059,0,0,1680101242,20294324900,1636089005,19712696504,1580000000,15655500000,1580000000,15655500000,0,0,164118178,1298358449,164118178,1298358449,0,0,165534183,1313934504,156390856,1211529242,3850000000,42250000000,3850000000,42250000000,0,0,1081929572,12844151703,1081929572,12844151703,0,0,1086410888,12893446179,1057474447,12569358040,300000000,3890000000,300000000,3890000000,0,0,71161106,1042782082,71161106,1042782082,0,0,71533073,1046873719,69131233,1019973112,17541929469,2.0651E+11,17541929469,2.0651E+11,0,0,1151727675,3859273769,1151727675,3859273769,0,0,1187381765,3104880976,974612235,0,6466992695,64278496999,6466992695,64278496999,0,0,0,0,0,0,0,0,0,0,0,0,5116666667,70539811147,5116666667,70539811147,0,0,0,7523223722,0,7523223722,0,0,0,7429667319,559427890,7985801980,9417570112,1.1908E+11,9417570112,1.1908E+11,0,0,346935088,5660147823,346935088,5660147823,0,0,345947717,1986460335,351998582,2383520385,7649037904,54299703808,6635510522,46463759590,1013527382,7835944218,1112410547,108112826,1112410547,108112826,0,0,1118625627,176478706,1078494042,0,0,0,0,0,0,0,0,0,0,0,0,0,0,0,0,0,0,0,0,0,0,0,0,0,0,0,0,0,0,0,0,0,0,0,0,0,0,0,0,0,0,0,0,0,0,0,0,0,0,0,0,0,0,0,0,0,0,0,0,0,0,0,0,0,0,0,0,0,0,0,0,0,0,0,0,0,0,0,0,0,0,0,0,0,0,0,0,0,0,0,0,0,0,0,0,0,0,0,0,0,0,0,0,0,0,0,0,0,0,0,0,0,0,0,0,0,0,0,0,0,0,0,0,0,0,0,0,0,0,0,0,0,0,0,0,0,0,0,0,0,0,0,0,0,18564404412,1.63948E+11,18564404412,1.63948E+11,0,0,0,0,0,0,0,0,0,0,0,0,0,0,0,0,0,0,0,0,0,0,0,0,0,0,0,0,0,0,0,0,0,0,0,0,0,0,0,0,0,0,0,0,615000000,5915000000,615000000,5915000000,0,0,139529315,1271244798,139529315,1271244798,0,0,139914566,1275482559,137426947,1247621226,8463375563,1.08479E+11,963375563,17702964986,7500000000,90775663120,0,0,0,0,0,0,0,0,0,0,0,16883246908,0,16883246908,0,0,0,0,0,0,0,0,0,0,0,0,0,0,0,0,0,0,0,0,0,0,0,0,0,0,0,0,0,0,0,0,0,0,0,0,0,0,0,0,0,0,0,0,0,0,0,0,0,0,0,0,0,0,0,0,0,0,0,0,2000000000,8000000000,2000000000,8000000000,0,0,123925974,228925820,123925974,228925820,0,0,124129913,231169149,122813056,216420350,2337928571,41704782462,2115614466,20455372547,222314105,21249409915,0,0,0,0,0,0,0,0,0,0,210000000,1430000000,210000000,1430000000,0,0,0,0,0,0,0,0,0,0,0,0,1.22683E+11,1.35254E+12,1.13947E+11,1.23268E+12,8735841487,1.19861E+11,11221649629,1.09109E+11,11221649629,1.09109E+11,0,0,11334873304,1.08354E+11,10603773304,1.00166E+11
Y,Y,Y,Y,ELECTRIC,2024,11,하반기,4분기, 사업별손익,실적,51078809291,5.42062E+11,51086129877,5.42077E+11,0,0,7720551005,1.01353E+11,7720551005,1.01353E+11,0,0,6269953248,1.03919E+11,5728759541,1.01971E+11,7724071449,82951936104,7724071449,82951936104,0,0,2274304697,21237454223,2274304697,21237454223,0,0,1989110231,21879804283,1894376826,21421956527,937405918,22666231050,937405918,22666231050,0,0,0,1365584070,0,1365584070,0,0,0,1482605821,0,1420889621,3393408446,45413198832,3393408446,45413198832,0,0,1014512668,13105194713,1014512668,13105194713,0,0,832380340,13459238755,762686169,13179285856,409433073,4301068265,409433073,4301068265,0,0,98932650,1496732572,98932650,1496732572,0,0,83376761,1525454883,75824377,1496718791,18302231921,2.38195E+11,16371674600,2.11116E+11,1930557321,27079496701,0,0,0,0,0,0,0,0,0,0,8856580491,75539000521,8764809289,75206070242,91771202,332930279,627921570,1916914572,627921570,1916914572,0,0,462132511,2480502640,357964656,2321145391,7820246891,92289834325,7820408157,91498733576,0,791100749,647888485,7575353631,647888485,7575353631,0,0,463431348,8624139157,232512040,7867893171,11337228059,1.30937E+11,11303658770,1.29593E+11,33569289,1343986758,3103931674,9126550394,3103931674,9126550394,0,0,2742377758,9914616701,2419627453,7888438733,5301732280,40511836797,4896897113,34062803356,404835167,6449033441,1033928495,1690720790,1033928495,1690720790,0,0,838434185,1788329647,722293662,2002897920,0,0,0,0,0,0,0,0,0,0,0,0,0,0,0,0,0,0,0,0,0,0,0,0,0,0,0,0,0,0,0,0,0,0,0,0,0,0,0,0,0,0,0,0,0,0,0,0,0,0,0,0,0,0,0,0,0,0,0,0,0,0,0,0,0,0,0,0,0,0,0,0,0,0,0,0,0,0,0,0,0,0,0,0,0,0,0,0,0,0,0,0,0,0,0,0,0,0,0,0,0,0,0,0,0,0,0,0,0,0,0,0,0,0,0,0,0,0,0,0,0,0,0,0,0,0,0,0,0,0,0,0,0,0,0,0,0,0,0,0,0,0,0,0,31835894174,1.13592E+11,31835894174,1.13592E+11,0,0,0,0,0,0,0,0,0,0,0,0,19904100,248375800,19904100,248375800,0,0,0,0,0,0,0,0,0,0,0,0,0,0,0,0,0,0,0,0,0,0,0,0,0,0,0,0,325709329,4374123751,325709329,4374123751,0,0,16153496,208781870,16153496,208781870,0,0,3636509,243182182,0,219518944,2034253125,84164394717,1587805570,15549379471,446447555,68615015246,103581329,0,103581329,0,0,0,0,0,0,0,2195506921,10120699363,2195506921,10120699363,0,0,0,0,0,0,0,0,0,0,0,0,0,0,0,0,0,0,0,0,0,0,0,0,0,0,0,0,0,0,0,0,0,0,0,0,0,0,0,0,0,0,0,0,0,0,0,0,0,0,0,0,0,0,0,0,0,0,0,0,0,0,0,0,0,0,0,0,0,0,0,0,0,0,0,0,10493401047,54948018916,7642228305,25917147415,2851172742,29030871501,748260618,0,748260618,0,0,0,752556960,0,531032963,0,189848324,2479856475,189848324,2479856475,0,0,0,0,0,0,0,0,0,0,0,0,1.62256E+11,1.5448E+12,1.56505E+11,1.41117E+12,5750871424,1.33628E+11,11086985806,1.24261E+11,11086985806,1.24261E+11,0,0,8049798755,1.31512E+11,5523465556,1.21289E+11
Y,Y,Y,Y,ELECTRIC,2024,12,하반기,4분기, 사업별손익,계획,35030824962,3.83105E+11,35030824962,3.83105E+11,0,0,5854577757,94217175524,5854577757,94217175524,0,0,5790823134,97492468564,6144716360,95062488312,5549600000,87155150000,5549600000,87155150000,0,0,1184860767,21383447826,1184860767,21383447826,0,0,1193128010,21487452909,1143729693,20856426197,1815500000,17471000000,1815500000,17471000000,0,0,131661495,1430019944,131661495,1430019944,0,0,133077550,1447012054,123934223,1335463465,3500000000,45750000000,3500000000,45750000000,0,0,861417374,13705569077,861417374,13705569077,0,0,865898844,13759345023,836962403,13406320443,390000000,4280000000,390000000,4280000000,0,0,82780272,1125562354,82780272,1125562354,0,0,83152252,1130025971,80750412,1100723524,55776204256,2.62286E+11,55776204256,2.62286E+11,0,0,7390708650,11249982418,7390708650,11249982418,0,0,7436118823,10540999799,7165137453,6666713548,11926871976,76205368975,11926871976,76205368975,0,0,3527451825,0,3527451825,0,0,0,3533703924,0,3494129670,0,8609209893,79149021040,8609209893,79149021040,0,0,1739723340,9262947062,1739723340,9262947062,0,0,1757466914,9187134233,1648810534,9634612514,17585061288,1.36665E+11,17585061288,1.36665E+11,0,0,1570230636,7230378459,1570230636,7230378459,0,0,1644966524,3631426859,1186980432,3570500817,12611072210,66910776018,8827689450,55291449040,3783382760,11619326978,2849596284,2957709110,2849596284,2957709110,0,0,2855811578,3032290284,2815679993,2542684947,0,0,0,0,0,0,0,0,0,0,0,0,0,0,0,0,0,0,0,0,0,0,0,0,0,0,0,0,0,0,0,0,0,0,0,0,0,0,0,0,0,0,0,0,0,0,0,0,0,0,0,0,0,0,0,0,0,0,0,0,0,0,0,0,0,0,0,0,0,0,0,0,0,0,0,0,0,0,0,0,0,0,0,0,0,0,0,0,0,0,0,0,0,0,0,0,0,0,0,0,0,0,0,0,0,0,0,0,0,0,0,0,0,0,0,0,0,0,0,0,0,0,0,0,0,0,0,0,0,0,0,0,0,0,0,0,0,0,0,0,0,0,0,0,18050484412,1.81998E+11,18050484412,1.81998E+11,0,0,0,0,0,0,0,0,0,0,0,0,0,0,0,0,0,0,0,0,0,0,0,0,0,0,0,0,0,0,0,0,0,0,0,0,0,0,0,0,0,0,0,0,615000000,6530000000,615000000,6530000000,0,0,129875613,1401120411,129875613,1401120411,0,0,130260878,1405743437,127773259,1375394485,12793375563,1.21272E+11,793375563,18496340549,12000000000,1.02776E+11,720812134,0,720812134,0,0,0,723663663,0,705521812,0,2091683931,18974930839,2091683931,18974930839,0,0,0,0,0,0,0,0,0,0,0,0,0,0,0,0,0,0,0,0,0,0,0,0,0,0,0,0,0,0,0,0,0,0,0,0,0,0,0,0,0,0,0,0,0,0,0,0,0,0,0,0,0,0,0,0,0,0,0,0,2000000000,10000000000,2000000000,10000000000,0,0,118523347,347449167,118523347,347449167,0,0,118727293,349896442,117410436,333830786,6820302052,48525084514,3954136980,24409509527,2866165072,24115574987,614656791,0,614656791,0,0,0,617674184,0,598191159,0,210000000,1640000000,210000000,1640000000,0,0,0,0,0,0,0,0,0,0,0,0,1.95375E+11,1.54792E+12,1.76726E+11,1.40941E+12,18649547832,1.38511E+11,25922641457,1.35031E+11,25922641457,1.35031E+11,0,0,26035869032,1.3439E+11,25304769032,1.2547E+11
Y,Y,Y,Y,ELECTRIC,2024,12,하반기,4분기, 사업별손익,실적,33810824480,5.75873E+11,33803503894,5.7588E+11,7320586,0,3700379763,1.05053E+11,3700379763,1.05053E+11,0,0,2313115109,1.06232E+11,1722495053,1.03693E+11,5053802993,88005739097,5053802993,88005739097,0,0,773832840,22011287063,773832840,22011287063,0,0,562039214,22441843497,464370981,21886327508,640893956,23307125006,640893956,23307125006,0,0,0,1319440134,0,1319440134,0,0,0,1396027996,0,1316387004,3133755346,48546954178,3133755346,48546954178,0,0,1097970536,14203165249,1097970536,14203165249,0,0,961152871,14420391626,898327530,14077613386,411046322,4712114587,411046322,4712114587,0,0,96242285,1592974857,96242285,1592974857,0,0,82741788,1608196671,76395291,1573114082,22451100140,2.60646E+11,21489223973,2.32605E+11,961876167,28041372868,0,0,0,0,0,0,0,0,0,0,20350996737,95889997258,20348132319,95554202561,2864418,335794697,4193503176,6110417748,4193503176,6110417748,0,0,3888607500,6369110140,3788176344,6109321735,9861663303,1.02151E+11,9823487525,1.01322E+11,38175778,829276527,1186571204,8761924835,1186571204,8761924835,0,0,780280599,9404419756,592104661,8459997832,21197087524,1.52134E+11,21209903090,1.50802E+11,0,1331171192,4148904278,13275454672,4148904278,13275454672,0,0,2998342017,12912958718,2710557517,10598996250,9142011612,49653848409,8358145579,42420948935,783866033,7232899474,2147263194,3837983984,2147263194,3837983984,0,0,964283048,2752612695,1869597438,3872495358,0,0,0,0,0,0,0,0,0,0,0,0,0,0,0,0,0,0,0,0,0,0,0,0,0,0,0,0,0,0,0,0,0,0,0,0,0,0,0,0,0,0,0,0,0,0,0,0,0,0,0,0,0,0,0,0,0,0,0,0,0,0,0,0,0,0,0,0,0,0,0,0,0,0,0,0,0,0,0,0,0,0,0,0,0,0,0,0,0,0,0,0,0,0,0,0,0,0,0,0,0,0,0,0,0,0,0,0,0,0,0,0,0,0,0,0,0,0,0,0,0,0,0,0,0,0,0,0,0,0,0,0,0,0,0,0,0,0,0,0,0,0,0,0,11329679125,1.24922E+11,11329679125,1.24922E+11,0,0,296356305,0,296356305,0,0,0,273253497,0,1288677869,0,20225000,268600800,20225000,268600800,0,0,0,0,0,0,0,0,0,0,0,0,0,0,0,0,0,0,0,0,0,0,0,0,0,0,0,0,261959950,4636083701,261959950,4636083701,0,0,49414654,258196524,49414654,258196524,0,0,41286949,284469131,37471487,256990431,10783106444,94947501161,2991174587,18540554058,7791931857,76406947103,0,0,0,0,0,0,0,0,0,0,6455761586,16576460949,3396008207,13516707570,3059753379,3059753379,468242614,0,468242614,0,0,0,1529301542,0,1528505717,0,0,0,0,0,0,0,0,0,0,0,0,0,0,0,0,0,0,0,0,0,0,0,0,0,0,0,0,0,0,0,0,0,0,0,0,0,0,0,0,0,0,0,0,0,0,0,0,0,0,0,0,0,0,0,0,0,0,0,0,0,0,0,81185202,0,8046559423,62994578339,3673206563,29590353978,4373352860,33404224361,0,0,0,0,0,0,0,0,0,0,171244176,2651100651,171244176,2651100651,0,0,0,0,0,0,0,0,0,0,0,0,1.63122E+11,1.70792E+12,1.46115E+11,1.55728E+12,17006325512,1.50634E+11,13899149145,1.38161E+11,13899149145,1.38161E+11,0,0,9057615530,1.4057E+11,10515223267,1.31804E+11
