그룹,4개사,11개사,CIC,회사,year,month,반기,분기,계정,항목,산업기기-튜브 매출액,산업기기-튜브 매출액 누계,산업기기-튜브 매출액(국내),산업기기-튜브 매출액(국내) 누계,산업기기-튜브 매출액(해외),산업기기-튜브 매출액(해외) 누계,산업기기-튜브 영업이익,산업기기-튜브 영업이익 누계,산업기기-튜브 영업이익(국내),산업기기-튜브 영업이익(국내) 누계,산업기기-튜브 영업이익(해외),산업기기-튜브 영업이익(해외) 누계,산업기기-튜브 조정영업이익,산업기기-튜브 조정영업이익 누계,산업기기-튜브 세전이익,산업기기-튜브 세전이익 누계,자동차전선 매출액,자동차전선 매출액 누계,자동차전선 매출액(국내),자동차전선 매출액(국내) 누계,자동차전선 매출액(해외),자동차전선 매출액(해외) 누계,자동차전선 영업이익,자동차전선 영업이익 누계,자동차전선 영업이익(국내),자동차전선 영업이익(국내) 누계,자동차전선 영업이익(해외),자동차전선 영업이익(해외) 누계,자동차전선 조정영업이익,자동차전선 조정영업이익 누계,자동차전선 세전이익,자동차전선 세전이익 누계,피복선 매출액,피복선 매출액 누계,피복선 매출액(국내),피복선 매출액(국내) 누계,피복선 매출액(해외),피복선 매출액(해외) 누계,피복선 영업이익,피복선 영업이익 누계,피복선 영업이익(국내),피복선 영업이익(국내) 누계,피복선 영업이익(해외),피복선 영업이익(해외) 누계,피복선 조정영업이익,피복선 조정영업이익 누계,피복선 세전이익,피복선 세전이익 누계,산업용특수케이블 매출액,산업용특수케이블 매출액 누계,산업용특수케이블 매출액(국내),산업용특수케이블 매출액(국내) 누계,산업용특수케이블 매출액(해외),산업용특수케이블 매출액(해외) 누계,산업용특수케이블 영업이익,산업용특수케이블 영업이익 누계,산업용특수케이블 영업이익(국내),산업용특수케이블 영업이익(국내) 누계,산업용특수케이블 영업이익(해외),산업용특수케이블 영업이익(해외) 누계,산업용특수케이블 조정영업이익,산업용특수케이블 조정영업이익 누계,산업용특수케이블 세전이익,산업용특수케이블 세전이익 누계,부스닥트 매출액,부스닥트 매출액 누계,부스닥트 매출액(국내),부스닥트 매출액(국내) 누계,부스닥트 매출액(해외),부스닥트 매출액(해외) 누계,부스닥트 영업이익,부스닥트 영업이익 누계,부스닥트 영업이익(국내),부스닥트 영업이익(국내) 누계,부스닥트 영업이익(해외),부스닥트 영업이익(해외) 누계,부스닥트 조정영업이익,부스닥트 조정영업이익 누계,부스닥트 세전이익,부스닥트 세전이익 누계,권선 매출액,권선 매출액 누계,권선 매출액(국내),권선 매출액(국내) 누계,권선 매출액(해외),권선 매출액(해외) 누계,권선 영업이익,권선 영업이익 누계,권선 영업이익(국내),권선 영업이익(국내) 누계,권선 영업이익(해외),권선 영업이익(해외) 누계,권선 조정영업이익,권선 조정영업이익 누계,권선 세전이익,권선 세전이익 누계,소재 매출액,소재 매출액 누계,소재 매출액(국내),소재 매출액(국내) 누계,소재 매출액(해외),소재 매출액(해외) 누계,소재 영업이익,소재 영업이익 누계,소재 영업이익(국내),소재 영업이익(국내) 누계,소재 영업이익(해외),소재 영업이익(해외) 누계,소재 조정영업이익,소재 조정영업이익 누계,소재 세전이익,소재 세전이익 누계,알미늄 매출액,알미늄 매출액 누계,알미늄 매출액(국내),알미늄 매출액(국내) 누계,알미늄 매출액(해외),알미늄 매출액(해외) 누계,알미늄 영업이익,알미늄 영업이익 누계,알미늄 영업이익(국내),알미늄 영업이익(국내) 누계,알미늄 영업이익(해외),알미늄 영업이익(해외) 누계,알미늄 조정영업이익,알미늄 조정영업이익 누계,알미늄 세전이익,알미늄 세전이익 누계,광통신 매출액,광통신 매출액 누계,광통신 매출액(국내),광통신 매출액(국내) 누계,광통신 매출액(해외),광통신 매출액(해외) 누계,광통신 영업이익,광통신 영업이익 누계,광통신 영업이익(국내),광통신 영업이익(국내) 누계,광통신 영업이익(해외),광통신 영업이익(해외) 누계,광통신 조정영업이익,광통신 조정영업이익 누계,광통신 세전이익,광통신 세전이익 누계,UTP 매출액,UTP 매출액 누계,UTP 매출액(국내),UTP 매출액(국내) 누계,UTP 매출액(해외),UTP 매출액(해외) 누계,UTP 영업이익,UTP 영업이익 누계,UTP 영업이익(국내),UTP 영업이익(국내) 누계,UTP 영업이익(해외),UTP 영업이익(해외) 누계,UTP 조정영업이익,UTP 조정영업이익 누계,UTP 세전이익,UTP 세전이익 누계,무선망 매출액,무선망 매출액 누계,무선망 매출액(국내),무선망 매출액(국내) 누계,무선망 매출액(해외),무선망 매출액(해외) 누계,무선망 영업이익,무선망 영업이익 누계,무선망 영업이익(국내),무선망 영업이익(국내) 누계,무선망 영업이익(해외),무선망 영업이익(해외) 누계,무선망 조정영업이익,무선망 조정영업이익 누계,무선망 세전이익,무선망 세전이익 누계,SI 매출액,SI 매출액 누계,SI 매출액(국내),SI 매출액(국내) 누계,SI 매출액(해외),SI 매출액(해외) 누계,SI 영업이익,SI 영업이익 누계,SI 영업이익(국내),SI 영업이익(국내) 누계,SI 영업이익(해외),SI 영업이익(해외) 누계,SI 조정영업이익,SI 조정영업이익 누계,SI 세전이익,SI 세전이익 누계,초고압 매출액,초고압 매출액 누계,초고압 매출액(국내),초고압 매출액(국내) 누계,초고압 매출액(해외),초고압 매출액(해외) 누계,초고압 영업이익,초고압 영업이익 누계,초고압 영업이익(국내),초고압 영업이익(국내) 누계,초고압 영업이익(해외),초고압 영업이익(해외) 누계,초고압 조정영업이익,초고압 조정영업이익 누계,초고압 세전이익,초고압 세전이익 누계,해저케이블 매출액,해저케이블 매출액 누계,해저케이블 매출액(국내),해저케이블 매출액(국내) 누계,해저케이블 매출액(해외),해저케이블 매출액(해외) 누계,해저케이블 영업이익,해저케이블 영업이익 누계,해저케이블 영업이익(국내),해저케이블 영업이익(국내) 누계,해저케이블 영업이익(해외),해저케이블 영업이익(해외) 누계,해저케이블 조정영업이익,해저케이블 조정영업이익 누계,해저케이블 세전이익,해저케이블 세전이익 누계,기타 매출액,기타 매출액 누계,기타 매출액(국내),기타 매출액(국내) 누계,기타 매출액(해외),기타 매출액(해외) 누계,기타 영업이익,기타 영업이익 누계,기타 영업이익(국내),기타 영업이익(국내) 누계,기타 영업이익(해외),기타 영업이익(해외) 누계,기타 조정영업이익,기타 조정영업이익 누계,기타 세전이익,기타 세전이익 누계,합계 매출액,합계 매출액 누계,합계 매출액(국내),합계 매출액(국내) 누계,합계 매출액(해외),합계 매출액(해외) 누계,합계 영업이익,합계 영업이익 누계,합계 영업이익(국내),합계 영업이익(국내) 누계,합계 영업이익(해외),합계 영업이익(해외) 누계,합계 조정영업이익,합계 조정영업이익 누계,합계 세전이익,합계 세전이익 누계
Y,Y,Y,N,전선,2024,1,상반기,1분기, 사업별손익,계획,6600000000,6600000000,6600000000,6600000000,0,0,210000000,210000000,210000000,210000000,0,0,0,0,60000000,60000000,14700000000,14700000000,14700000000,14700000000,0,0,660000000,660000000,660000000,660000000,0,0,0,0,300000000,300000000,32700000000,32700000000,32700000000,32700000000,0,0,540000000,540000000,540000000,540000000,0,0,0,0,0,0,17400000000,17400000000,17400000000,17400000000,0,0,270000000,270000000,270000000,270000000,0,0,0,0,0,0,16200000000,16200000000,16200000000,16200000000,0,0,1980000000,1980000000,1980000000,1980000000,0,0,0,0,1290000000,1290000000,0,0,0,0,0,0,0,0,0,0,0,0,0,0,0,0,77700000000,77700000000,77700000000,77700000000,0,0,570000000,570000000,570000000,570000000,0,0,0,0,0,0,0,0,0,0,0,0,0,0,0,0,0,0,0,0,0,0,9900000000,9900000000,9900000000,9900000000,0,0,0,0,0,0,0,0,0,0,0,0,6300000000,6300000000,6300000000,6300000000,0,0,390000000,390000000,390000000,390000000,0,0,0,0,240000000,240000000,3150000000,3150000000,3150000000,3150000000,0,0,30000000,30000000,30000000,30000000,0,0,0,0,0,0,0,0,0,0,0,0,0,0,0,0,0,0,0,0,0,0,55500000000,55500000000,55500000000,55500000000,0,0,1200000000,1200000000,1200000000,1200000000,0,0,0,0,0,0,6000000000,6000000000,6000000000,6000000000,0,0,0,0,0,0,0,0,0,0,4800000000,4800000000,0,0,0,0,0,0,0,0,0,0,0,0,0,0,0,0,2.4615E+11,2.4615E+11,2.4615E+11,2.4615E+11,0,0,4010000000,4010000000,4010000000,4010000000,0,0,0,0,4440000000,4440000000
Y,Y,Y,N,전선,2024,1,상반기,1분기, 사업별손익,실적,8653466923,8653466923,8653466923,8653466923,0,0,254234881,254234881,254234881,254234881,0,0,0,0,227493066,227493066,16721124491,16721124491,16721124491,16721124491,0,0,784570955,784570955,784570955,784570955,0,0,0,0,626628817,626628817,35400205979,35400205979,35400205979,35400205979,0,0,1069264061,1069264061,1069264061,1069264061,0,0,0,0,713030315,713030315,16402836440,16402836440,16402836440,16402836440,0,0,94748086,94748086,94748086,94748086,0,0,0,0,0,0,27530796379,27530796379,27530796379,27530796379,0,0,4813511624,4813511624,4813511624,4813511624,0,0,0,0,4543122377,4543122377,0,0,0,0,0,0,0,0,0,0,0,0,0,0,0,0,75681410983,75681410983,75681410983,75681410983,0,0,366704952,366704952,366704952,366704952,0,0,0,0,0,0,0,0,0,0,0,0,0,0,0,0,0,0,0,0,0,0,4687686009,4687686009,4687686009,4687686009,0,0,0,0,0,0,0,0,0,0,0,0,9388967343,9388967343,9388967343,9388967343,0,0,866731981,866731981,866731981,866731981,0,0,0,0,818550272,818550272,2685898156,2685898156,2685898156,2685898156,0,0,0,0,0,0,0,0,0,0,0,0,0,0,0,0,0,0,0,0,0,0,0,0,0,0,0,0,52608018342,52608018342,52608018342,52608018342,0,0,3102693678,3102693678,3102693678,3102693678,0,0,0,0,0,0,3953481379,3953481379,3953481379,3953481379,0,0,0,0,0,0,0,0,0,0,0,0,0,0,0,0,0,0,0,0,0,0,0,0,0,0,0,0,2.53714E+11,2.53714E+11,2.53714E+11,2.53714E+11,0,0,6109244427,6109244427,6109244427,6109244427,0,0,0,0,0,0
Y,Y,Y,N,전선,2024,2,상반기,1분기, 사업별손익,계획,6600000000,13200000000,6600000000,13200000000,0,0,210000000,420000000,210000000,420000000,0,0,0,0,60000000,120000000,14700000000,29400000000,14700000000,29400000000,0,0,660000000,1320000000,660000000,1320000000,0,0,0,0,300000000,600000000,32700000000,65400000000,32700000000,65400000000,0,0,540000000,1080000000,540000000,1080000000,0,0,0,0,0,0,17400000000,34800000000,17400000000,34800000000,0,0,270000000,540000000,270000000,540000000,0,0,0,0,0,0,16200000000,32400000000,16200000000,32400000000,0,0,1980000000,3960000000,1980000000,3960000000,0,0,0,0,1290000000,2580000000,0,0,0,0,0,0,0,0,0,0,0,0,0,0,0,0,77700000000,1.554E+11,77700000000,1.554E+11,0,0,570000000,1140000000,570000000,1140000000,0,0,0,0,0,0,0,0,0,0,0,0,0,0,0,0,0,0,0,0,0,0,9900000000,19800000000,9900000000,19800000000,0,0,0,0,0,0,0,0,0,0,0,0,6300000000,12600000000,6300000000,12600000000,0,0,390000000,780000000,390000000,780000000,0,0,0,0,240000000,480000000,3150000000,6300000000,3150000000,6300000000,0,0,30000000,60000000,30000000,60000000,0,0,0,0,0,0,0,0,0,0,0,0,0,0,0,0,0,0,0,0,0,0,55500000000,1.11E+11,55500000000,1.11E+11,0,0,1200000000,2400000000,1200000000,2400000000,0,0,0,0,0,0,9000000000,15000000000,9000000000,15000000000,0,0,0,0,0,0,0,0,0,0,4800000000,9600000000,0,0,0,0,0,0,0,0,0,0,0,0,0,0,0,0,2.4915E+11,4.953E+11,2.4915E+11,4.953E+11,0,0,3510000000,7520000000,3510000000,7520000000,0,0,0,0,4440000000,8880000000
Y,Y,Y,N,전선,2024,2,상반기,1분기, 사업별손익,실적,7343185916,15996652839,7343185916,15996652839,0,0,542593056,796827937,542593056,796827937,0,0,0,0,389565595,617058661,15849226565,32570351056,15849226565,32570351056,0,0,677315910,1461886865,677315910,1461886865,0,0,0,0,398133219,1024762037,45461770400,80861976379,45461770400,80861976379,0,0,1498982884,2568246945,1498982884,2568246945,0,0,0,0,705304861,1418335176,17908867581,34311704021,17908867581,34311704021,0,0,599990787,694738873,599990787,694738873,0,0,0,0,230792434,189680942,20875491240,48406287619,20875491240,48406287619,0,0,4333284879,9146796503,4333284879,9146796503,0,0,0,0,3915407542,8458529919,0,0,0,0,0,0,0,0,0,0,0,0,0,0,0,0,77284053188,1.52965E+11,77284053188,1.52965E+11,0,0,780487023,1147191975,780487023,1147191975,0,0,0,0,469917898,149625714,0,0,0,0,0,0,0,0,0,0,0,0,0,0,0,0,6750389534,11438075543,6750389534,11438075543,0,0,0,0,0,0,0,0,0,0,0,0,5413516635,14802483978,5413516635,14802483978,0,0,499584203,1366316184,499584203,1366316184,0,0,0,0,382185430,1200735702,2048610358,4734508514,2048610358,4734508514,0,0,0,0,0,0,0,0,0,0,0,0,0,0,0,0,0,0,0,0,0,0,0,0,0,0,0,0,60904623541,1.13513E+11,60904623541,1.13513E+11,0,0,3936658515,7039352193,3936658515,7039352193,0,0,0,0,1751967815,774641547,12149939441,16103420820,12149939441,16103420820,0,0,531002339,0,531002339,0,0,0,0,0,0,0,0,0,0,0,0,0,0,0,0,0,0,0,0,0,0,0,2.7199E+11,5.25704E+11,2.7199E+11,5.25704E+11,0,0,10224143131,16333387558,10224143131,16333387558,0,0,0,0,3239412767,1090125781
Y,Y,Y,N,전선,2024,3,상반기,1분기, 사업별손익,계획,8800000000,22000000000,8800000000,22000000000,0,0,280000000,700000000,280000000,700000000,0,0,0,0,80000000,200000000,19600000000,49000000000,19600000000,49000000000,0,0,880000000,2200000000,880000000,2200000000,0,0,0,0,400000000,1000000000,43600000000,1.09E+11,43600000000,1.09E+11,0,0,720000000,1800000000,720000000,1800000000,0,0,0,0,0,0,23200000000,58000000000,23200000000,58000000000,0,0,360000000,900000000,360000000,900000000,0,0,0,0,0,0,21600000000,54000000000,21600000000,54000000000,0,0,2640000000,6600000000,2640000000,6600000000,0,0,0,0,1720000000,4300000000,0,0,0,0,0,0,0,0,0,0,0,0,0,0,0,0,1.036E+11,2.59E+11,1.036E+11,2.59E+11,0,0,760000000,1900000000,760000000,1900000000,0,0,0,0,0,0,0,0,0,0,0,0,0,0,0,0,0,0,0,0,0,0,13200000000,33000000000,13200000000,33000000000,0,0,0,0,0,0,0,0,0,0,0,0,8400000000,21000000000,8400000000,21000000000,0,0,520000000,1300000000,520000000,1300000000,0,0,0,0,320000000,800000000,4200000000,10500000000,4200000000,10500000000,0,0,40000000,100000000,40000000,100000000,0,0,0,0,0,0,0,0,0,0,0,0,0,0,0,0,0,0,0,0,0,0,74000000000,1.85E+11,74000000000,1.85E+11,0,0,1600000000,4000000000,1600000000,4000000000,0,0,0,0,0,0,2.05E+11,2.2E+11,2.05E+11,2.2E+11,0,0,19100000000,16600000000,19100000000,16600000000,0,0,0,0,6400000000,16000000000,0,0,0,0,0,0,0,0,0,0,0,0,0,0,0,0,5.252E+11,1.0205E+12,5.252E+11,1.0205E+12,0,0,25780000000,33300000000,25780000000,33300000000,0,0,0,0,5920000000,14800000000
Y,Y,Y,N,전선,2024,3,상반기,1분기, 사업별손익,실적,7978332427,23974985266,7978332427,23974985266,0,0,375646261,1172474198,375646261,1172474198,0,0,0,0,0,331325304,15891980310,48462331366,15891980310,48462331366,0,0,777436923,2239323788,777436923,2239323788,0,0,0,0,0,659372801,41002833053,1.21865E+11,41002833053,1.21865E+11,0,0,836931594,3405178539,836931594,3405178539,0,0,0,0,0,0,18485163148,52796867169,18485163148,52796867169,0,0,880000840,1574739713,880000840,1574739713,0,0,0,0,0,0,25597263770,74003551389,25597263770,74003551389,0,0,5529461904,14676258407,5529461904,14676258407,0,0,0,0,3136381988,11594911907,0,0,0,0,0,0,0,0,0,0,0,0,0,0,0,0,81416333089,2.34382E+11,81416333089,2.34382E+11,0,0,940321840,2087513815,940321840,2087513815,0,0,0,0,0,0,0,0,0,0,0,0,0,0,0,0,0,0,0,0,0,0,4447133479,15885209022,4447133479,15885209022,0,0,0,0,0,0,0,0,0,0,0,0,8903148853,23705632831,8903148853,23705632831,0,0,690261986,2056578170,690261986,2056578170,0,0,0,0,151293792,1352029494,2052903006,6787411520,2052903006,6787411520,0,0,0,0,0,0,0,0,0,0,0,0,0,0,0,0,0,0,0,0,0,0,0,0,0,0,0,0,59184086904,1.72697E+11,59184086904,1.72697E+11,0,0,55672893,7095025086,55672893,7095025086,0,0,0,0,0,0,2.42144E+11,2.58247E+11,2.42144E+11,2.58247E+11,0,0,22781055621,20326864112,22781055621,20326864112,0,0,0,0,32904907091,26229201501,0,0,0,0,0,0,0,0,0,0,0,0,0,0,0,0,5.07103E+11,1.03281E+12,5.07103E+11,1.03281E+12,0,0,29484662542,45818050100,29484662542,45818050100,0,0,0,0,17321904969,18412030750
Y,Y,Y,N,전선,2024,4,상반기,2분기, 사업별손익,계획,6900000000,28900000000,6900000000,28900000000,0,0,360000000,1060000000,360000000,1060000000,0,0,0,0,180000000,380000000,15750000000,64750000000,15750000000,64750000000,0,0,720000000,2920000000,720000000,2920000000,0,0,0,0,360000000,1360000000,34200000000,1.432E+11,34200000000,1.432E+11,0,0,660000000,2460000000,660000000,2460000000,0,0,0,0,0,0,17400000000,75400000000,17400000000,75400000000,0,0,390000000,1290000000,390000000,1290000000,0,0,0,0,90000000,0,18150000000,72150000000,18150000000,72150000000,0,0,2250000000,8850000000,2250000000,8850000000,0,0,0,0,1500000000,5800000000,0,0,0,0,0,0,0,0,0,0,0,0,0,0,0,0,78300000000,3.373E+11,78300000000,3.373E+11,0,0,570000000,2470000000,570000000,2470000000,0,0,0,0,0,0,0,0,0,0,0,0,0,0,0,0,0,0,0,0,0,0,12150000000,45150000000,12150000000,45150000000,0,0,150000000,0,150000000,0,0,0,0,0,0,0,6900000000,27900000000,6900000000,27900000000,0,0,510000000,1810000000,510000000,1810000000,0,0,0,0,360000000,1160000000,4050000000,14550000000,4050000000,14550000000,0,0,150000000,250000000,150000000,250000000,0,0,0,0,90000000,0,0,0,0,0,0,0,0,0,0,0,0,0,0,0,0,0,45000000000,2.3E+11,45000000000,2.3E+11,0,0,2070000000,6070000000,2070000000,6070000000,0,0,0,0,0,0,27000000000,2.47E+11,27000000000,2.47E+11,0,0,2550000000,19150000000,2550000000,19150000000,0,0,0,0,3690000000,19690000000,0,0,0,0,0,0,0,0,0,0,0,0,0,0,0,0,2.658E+11,1.2863E+12,2.658E+11,1.2863E+12,0,0,10380000000,43680000000,10380000000,43680000000,0,0,0,0,5640000000,20440000000
Y,Y,Y,N,전선,2024,4,상반기,2분기, 사업별손익,실적,7797681549,31772666815,7797681549,31772666815,0,0,386831085,1559305283,386831085,1559305283,0,0,0,0,849460507,1180785810,15808215318,64270546684,15808215318,64270546684,0,0,762256318,3001580106,762256318,3001580106,0,0,0,0,1285787112,1945159913,49539466204,1.71404E+11,49539466204,1.71404E+11,0,0,691659900,4096838439,691659900,4096838439,0,0,0,0,2048302816,1996279634,18445192709,71242059878,18445192709,71242059878,0,0,733067396,2307807109,733067396,2307807109,0,0,0,0,1031718082,831007308,22772802914,96776354303,22772802914,96776354303,0,0,5925937200,20602195607,5925937200,20602195607,0,0,0,0,6974590873,18569502780,0,0,0,0,0,0,0,0,0,0,0,0,0,0,0,0,88616198217,3.22998E+11,88616198217,3.22998E+11,0,0,1306488277,3394002092,1306488277,3394002092,0,0,0,0,2062528383,1431505755,0,0,0,0,0,0,0,0,0,0,0,0,0,0,0,0,6906516713,22791725735,6906516713,22791725735,0,0,0,0,0,0,0,0,0,0,0,0,7902306793,31607939624,7902306793,31607939624,0,0,778174734,2834752904,778174734,2834752904,0,0,0,0,1109637687,2461667181,1129905975,7917317495,1129905975,7917317495,0,0,0,0,0,0,0,0,0,0,0,0,0,0,0,0,0,0,0,0,0,0,0,0,0,0,0,0,36676430687,2.09373E+11,36676430687,2.09373E+11,0,0,0,6983618210,0,6983618210,0,0,0,0,0,0,61208364123,3.19455E+11,61208364123,3.19455E+11,0,0,14157470136,34484334248,14157470136,34484334248,0,0,0,0,1202806014,27432007515,0,0,0,0,0,0,0,0,0,0,0,0,0,0,0,0,3.16803E+11,1.34961E+12,3.16803E+11,1.34961E+12,0,0,22023674246,67841724346,22023674246,67841724346,0,0,0,0,13119797188,31531827938
Y,Y,Y,N,전선,2024,5,상반기,2분기, 사업별손익,계획,6900000000,35800000000,6900000000,35800000000,0,0,360000000,1420000000,360000000,1420000000,0,0,0,0,180000000,560000000,15750000000,80500000000,15750000000,80500000000,0,0,720000000,3640000000,720000000,3640000000,0,0,0,0,360000000,1720000000,34200000000,1.774E+11,34200000000,1.774E+11,0,0,660000000,3120000000,660000000,3120000000,0,0,0,0,0,0,17400000000,92800000000,17400000000,92800000000,0,0,390000000,1680000000,390000000,1680000000,0,0,0,0,90000000,80000000,18150000000,90300000000,18150000000,90300000000,0,0,2250000000,11100000000,2250000000,11100000000,0,0,0,0,1500000000,7300000000,0,0,0,0,0,0,0,0,0,0,0,0,0,0,0,0,78300000000,4.156E+11,78300000000,4.156E+11,0,0,570000000,3040000000,570000000,3040000000,0,0,0,0,0,0,0,0,0,0,0,0,0,0,0,0,0,0,0,0,0,0,12150000000,57300000000,12150000000,57300000000,0,0,150000000,0,150000000,0,0,0,0,0,0,0,6900000000,34800000000,6900000000,34800000000,0,0,510000000,2320000000,510000000,2320000000,0,0,0,0,360000000,1520000000,4050000000,18600000000,4050000000,18600000000,0,0,150000000,400000000,150000000,400000000,0,0,0,0,90000000,80000000,0,0,0,0,0,0,0,0,0,0,0,0,0,0,0,0,45000000000,2.75E+11,45000000000,2.75E+11,0,0,2070000000,8140000000,2070000000,8140000000,0,0,0,0,0,0,27000000000,2.74E+11,27000000000,2.74E+11,0,0,2550000000,21700000000,2550000000,21700000000,0,0,0,0,3690000000,23380000000,0,0,0,0,0,0,0,0,0,0,0,0,0,0,0,0,2.658E+11,1.5521E+12,2.658E+11,1.5521E+12,0,0,10380000000,54060000000,10380000000,54060000000,0,0,0,0,5640000000,26080000000
Y,Y,Y,N,전선,2024,5,상반기,2분기, 사업별손익,실적,10955581898,42728248713,10955581898,42728248713,0,0,614178638,2173483921,614178638,2173483921,0,0,0,0,675984564,1856770374,15435372461,79705919145,15435372461,79705919145,0,0,843103087,3844683193,843103087,3844683193,0,0,0,0,758270958,2703430872,54028944541,2.25433E+11,54028944541,2.25433E+11,0,0,1187840541,5284678980,1187840541,5284678980,0,0,0,0,917368779,2913648413,18982186423,90224246301,18982186423,90224246301,0,0,81779435,2389586544,81779435,2389586544,0,0,0,0,0,519591961,22459366811,1.19236E+11,22459366811,1.19236E+11,0,0,5229733608,25831929215,5229733608,25831929215,0,0,0,0,5240652834,23810155614,0,0,0,0,0,0,0,0,0,0,0,0,0,0,0,0,93405220457,4.16403E+11,93405220457,4.16403E+11,0,0,941749959,4335752051,941749959,4335752051,0,0,0,0,816411051,2247916806,0,0,0,0,0,0,0,0,0,0,0,0,0,0,0,0,5743356193,28535081928,5743356193,28535081928,0,0,0,0,0,0,0,0,0,0,0,0,9717727483,41325667107,9717727483,41325667107,0,0,913193774,3747946678,913193774,3747946678,0,0,0,0,940858508,3402525689,1935146531,9852464026,1935146531,9852464026,0,0,0,0,0,0,0,0,0,0,0,0,0,0,0,0,0,0,0,0,0,0,0,0,0,0,0,0,36157793165,2.45531E+11,36157793165,2.45531E+11,0,0,2208155476,9191773686,2208155476,9191773686,0,0,0,0,0,0,9408362194,3.28864E+11,9408362194,3.28864E+11,0,0,0,32386862570,0,32386862570,0,0,0,0,0,21762031376,0,0,0,0,0,0,0,0,0,0,0,0,0,0,0,0,2.78229E+11,1.62784E+12,2.78229E+11,1.62784E+12,0,0,7175765394,75017489740,7175765394,75017489740,0,0,0,0,0,31483243470
Y,Y,Y,N,전선,2024,6,상반기,2분기, 사업별손익,계획,9200000000,45000000000,9200000000,45000000000,0,0,480000000,1900000000,480000000,1900000000,0,0,0,0,240000000,800000000,21000000000,1.015E+11,21000000000,1.015E+11,0,0,960000000,4600000000,960000000,4600000000,0,0,0,0,480000000,2200000000,45600000000,2.23E+11,45600000000,2.23E+11,0,0,880000000,4000000000,880000000,4000000000,0,0,0,0,0,0,23200000000,1.16E+11,23200000000,1.16E+11,0,0,520000000,2200000000,520000000,2200000000,0,0,0,0,120000000,200000000,24200000000,1.145E+11,24200000000,1.145E+11,0,0,3000000000,14100000000,3000000000,14100000000,0,0,0,0,2000000000,9300000000,0,0,0,0,0,0,0,0,0,0,0,0,0,0,0,0,1.044E+11,5.2E+11,1.044E+11,5.2E+11,0,0,760000000,3800000000,760000000,3800000000,0,0,0,0,0,0,0,0,0,0,0,0,0,0,0,0,0,0,0,0,0,0,16200000000,73500000000,16200000000,73500000000,0,0,200000000,0,200000000,0,0,0,0,0,0,0,9200000000,44000000000,9200000000,44000000000,0,0,680000000,3000000000,680000000,3000000000,0,0,0,0,480000000,2000000000,5400000000,24000000000,5400000000,24000000000,0,0,200000000,600000000,200000000,600000000,0,0,0,0,120000000,200000000,0,0,0,0,0,0,0,0,0,0,0,0,0,0,0,0,60000000000,3.35E+11,60000000000,3.35E+11,0,0,2760000000,10900000000,2760000000,10900000000,0,0,0,0,0,0,36000000000,3.1E+11,36000000000,3.1E+11,0,0,3400000000,25100000000,3400000000,25100000000,0,0,0,0,4920000000,28300000000,0,0,0,0,0,0,0,0,0,0,0,0,0,0,0,0,3.544E+11,1.9065E+12,3.544E+11,1.9065E+12,0,0,13840000000,67900000000,13840000000,67900000000,0,0,0,0,7520000000,33600000000
Y,Y,Y,N,전선,2024,6,상반기,2분기, 사업별손익,실적,9181350358,51909599071,9181350358,51909599071,0,0,565206325,2738690246,565206325,2738690246,0,0,0,0,1140731893,2997502267,14703626749,94409545894,14703626749,94409545894,0,0,584880104,4429563297,584880104,4429563297,0,0,0,0,1248307031,3951737903,25772989299,2.51206E+11,25772989299,2.51206E+11,0,0,1140235896,6424914876,1140235896,6424914876,0,0,0,0,2684706328,5598354741,20571640983,1.10796E+11,20571640983,1.10796E+11,0,0,1334619263,3724205807,1334619263,3724205807,0,0,0,0,1830692952,2350284913,19178565658,1.38414E+11,19178565658,1.38414E+11,0,0,4444957624,30276886839,4444957624,30276886839,0,0,0,0,5756992252,29567147866,0,0,0,0,0,0,0,0,0,0,0,0,0,0,0,0,82357823398,4.98761E+11,82357823398,4.98761E+11,0,0,1423113638,5758865689,1423113638,5758865689,0,0,0,0,2426902600,4674819406,0,0,0,0,0,0,0,0,0,0,0,0,0,0,0,0,1576515737,30111597665,1576515737,30111597665,0,0,0,0,0,0,0,0,0,0,0,0,0,40985590429,0,40985590429,0,0,309603368,4057550046,309603368,4057550046,0,0,0,0,698393848,4100919536,1803404492,11655868518,1803404492,11655868518,0,0,0,0,0,0,0,0,0,0,0,0,0,0,0,0,0,0,0,0,0,0,0,0,0,0,0,0,30444817765,2.75976E+11,30444817765,2.75976E+11,0,0,7883197574,17074971260,7883197574,17074971260,0,0,0,0,14750828650,2372979356,7061463941,3.35925E+11,7061463941,3.35925E+11,0,0,721045455,33107908025,721045455,33107908025,0,0,0,0,0,19659104144,0,0,0,0,0,0,0,0,0,0,0,0,0,0,0,0,2.12312E+11,1.84015E+12,2.12312E+11,1.84015E+12,0,0,13604675889,88622165629,13604675889,88622165629,0,0,0,0,25050895657,56534139127
Y,Y,Y,N,전선,2024,7,하반기,3분기, 사업별손익,계획,7350000000,52350000000,7350000000,52350000000,0,0,510000000,2410000000,510000000,2410000000,0,0,0,0,270000000,1070000000,16500000000,1.18E+11,16500000000,1.18E+11,0,0,810000000,5410000000,810000000,5410000000,0,0,0,0,450000000,2650000000,37200000000,2.602E+11,37200000000,2.602E+11,0,0,750000000,4750000000,750000000,4750000000,0,0,0,0,0,0,16200000000,1.322E+11,16200000000,1.322E+11,0,0,450000000,2650000000,450000000,2650000000,0,0,0,0,120000000,320000000,18150000000,1.3265E+11,18150000000,1.3265E+11,0,0,2400000000,16500000000,2400000000,16500000000,0,0,0,0,1620000000,10920000000,0,0,0,0,0,0,0,0,0,0,0,0,0,0,0,0,79200000000,5.992E+11,79200000000,5.992E+11,0,0,600000000,4400000000,600000000,4400000000,0,0,0,0,0,0,0,0,0,0,0,0,0,0,0,0,0,0,0,0,0,0,13650000000,87150000000,13650000000,87150000000,0,0,570000000,0,570000000,0,0,0,0,0,150000000,0,7350000000,51350000000,7350000000,51350000000,0,0,600000000,3600000000,600000000,3600000000,0,0,0,0,450000000,2450000000,4650000000,28650000000,4650000000,28650000000,0,0,300000000,900000000,300000000,900000000,0,0,0,0,210000000,410000000,0,0,0,0,0,0,0,0,0,0,0,0,0,0,0,0,49650000000,3.8465E+11,49650000000,3.8465E+11,0,0,2310000000,13210000000,2310000000,13210000000,0,0,0,0,210000000,0,31200000000,3.412E+11,31200000000,3.412E+11,0,0,5460000000,30560000000,5460000000,30560000000,0,0,0,0,0,26650000000,0,0,0,0,0,0,0,0,0,0,0,0,0,0,0,0,2.811E+11,2.1876E+12,2.811E+11,2.1876E+12,0,0,14760000000,82660000000,14760000000,82660000000,0,0,0,0,1500000000,35100000000
Y,Y,Y,N,전선,2024,7,하반기,3분기, 사업별손익,실적,9341185498,61250784569,9341185498,61250784569,0,0,668734423,3407424669,668734423,3407424669,0,0,0,0,410073237,3407575505,16068073117,1.10478E+11,16068073117,1.10478E+11,0,0,529337031,4958900328,529337031,4958900328,0,0,0,0,0,3878125300,63646456575,3.14853E+11,63646456575,3.14853E+11,0,0,744119595,7169034471,744119595,7169034471,0,0,0,0,0,5127460272,22238320819,1.33034E+11,22238320819,1.33034E+11,0,0,1228501205,4952707012,1228501205,4952707012,0,0,0,0,196257400,2546542313,27218583345,1.65633E+11,27218583345,1.65633E+11,0,0,3724334363,34001221202,3724334363,34001221202,0,0,0,0,2950704770,32517852636,0,0,0,0,0,0,0,0,0,0,0,0,0,0,0,0,81592772415,5.80354E+11,81592772415,5.80354E+11,0,0,2215882584,7974748273,2215882584,7974748273,0,0,0,0,1303967445,5978786851,0,0,0,0,0,0,0,0,0,0,0,0,0,0,0,0,8344439698,38456037363,8344439698,38456037363,0,0,0,0,0,0,0,0,0,0,0,0,15157680179,56143270608,15157680179,56143270608,0,0,834707263,4892257309,834707263,4892257309,0,0,0,0,596977835,4697897371,2329247634,13985116152,2329247634,13985116152,0,0,0,0,0,0,0,0,0,0,0,0,0,0,0,0,0,0,0,0,0,0,0,0,0,0,0,0,1.14355E+11,3.90331E+11,1.14355E+11,3.90331E+11,0,0,2305329626,19380300886,2305329626,19380300886,0,0,0,0,199304915,2572284271,62944512462,3.9887E+11,62944512462,3.9887E+11,0,0,12913707783,46021615808,12913707783,46021615808,0,0,0,0,11426477929,31085582073,0,0,0,0,0,0,0,0,0,0,0,0,0,0,0,0,4.23237E+11,2.26339E+12,4.23237E+11,2.26339E+12,0,0,22831357891,1.11454E+11,22831357891,1.11454E+11,0,0,0,0,13512459173,70046598300
Y,Y,Y,N,전선,2024,8,하반기,3분기, 사업별손익,계획,7350000000,59700000000,7350000000,59700000000,0,0,510000000,2920000000,510000000,2920000000,0,0,0,0,270000000,1340000000,16500000000,1.345E+11,16500000000,1.345E+11,0,0,810000000,6220000000,810000000,6220000000,0,0,0,0,450000000,3100000000,37200000000,2.974E+11,37200000000,2.974E+11,0,0,750000000,5500000000,750000000,5500000000,0,0,0,0,0,0,16200000000,1.484E+11,16200000000,1.484E+11,0,0,450000000,3100000000,450000000,3100000000,0,0,0,0,120000000,440000000,18150000000,1.508E+11,18150000000,1.508E+11,0,0,2400000000,18900000000,2400000000,18900000000,0,0,0,0,1620000000,12540000000,0,0,0,0,0,0,0,0,0,0,0,0,0,0,0,0,79200000000,6.784E+11,79200000000,6.784E+11,0,0,600000000,5000000000,600000000,5000000000,0,0,0,0,0,0,0,0,0,0,0,0,0,0,0,0,0,0,0,0,0,0,13650000000,1.008E+11,13650000000,1.008E+11,0,0,570000000,0,570000000,0,0,0,0,0,150000000,0,7350000000,58700000000,7350000000,58700000000,0,0,600000000,4200000000,600000000,4200000000,0,0,0,0,450000000,2900000000,4650000000,33300000000,4650000000,33300000000,0,0,300000000,1200000000,300000000,1200000000,0,0,0,0,210000000,620000000,0,0,0,0,0,0,0,0,0,0,0,0,0,0,0,0,49650000000,4.343E+11,49650000000,4.343E+11,0,0,2310000000,15520000000,2310000000,15520000000,0,0,0,0,210000000,0,31200000000,3.724E+11,31200000000,3.724E+11,0,0,5460000000,36020000000,5460000000,36020000000,0,0,0,0,0,25000000000,0,0,0,0,0,0,0,0,0,0,0,0,0,0,0,0,2.811E+11,2.4687E+12,2.811E+11,2.4687E+12,0,0,14760000000,97420000000,14760000000,97420000000,0,0,0,0,1500000000,36600000000
Y,Y,Y,N,전선,2024,8,하반기,3분기, 사업별손익,실적,8191884133,69442668702,8191884133,69442668702,0,0,481229507,3888654176,481229507,3888654176,0,0,0,0,485552585,3893128089,16895527161,1.27373E+11,16895527161,1.27373E+11,0,0,525797242,5484697570,525797242,5484697570,0,0,0,0,370842728,4248968027,55840691340,3.70693E+11,55840691340,3.70693E+11,0,0,1039211968,8208246439,1039211968,8208246439,0,0,0,0,0,4983218275,14642694759,1.47677E+11,14642694759,1.47677E+11,0,0,485098561,5437805573,485098561,5437805573,0,0,0,0,201871124,2748413437,20398224396,1.86031E+11,20398224396,1.86031E+11,0,0,3298048752,37299269954,3298048752,37299269954,0,0,0,0,3195401895,35713254530,0,0,0,0,0,0,0,0,0,0,0,0,0,0,0,0,74541368786,6.54895E+11,74541368786,6.54895E+11,0,0,1212426193,9187174466,1212426193,9187174466,0,0,0,0,981745906,6960532757,0,0,0,0,0,0,0,0,0,0,0,0,0,0,0,0,4650467982,43106505345,4650467982,43106505345,0,0,0,0,0,0,0,0,0,0,0,0,6019077323,62162347931,6019077323,62162347931,0,0,396815931,5289073240,396815931,5289073240,0,0,0,0,354122893,5052020265,1877130873,15862247025,1877130873,15862247025,0,0,0,0,0,0,0,0,0,0,0,0,0,0,0,0,0,0,0,0,0,0,0,0,0,0,0,0,59232648144,4.49564E+11,59232648144,4.49564E+11,0,0,3014176792,22394477678,3014176792,22394477678,0,0,0,0,1160240819,3732525090,8750094211,4.0762E+11,8750094211,4.0762E+11,0,0,1896248124,47917863932,1896248124,47917863932,0,0,0,0,1998349743,33083931816,0,0,0,0,0,0,0,0,0,0,0,0,0,0,0,0,2.7104E+11,2.53443E+12,2.7104E+11,2.53443E+12,0,0,10268241625,1.21722E+11,10268241625,1.21722E+11,0,0,0,0,6560922840,76607521140
Y,Y,Y,N,전선,2024,9,하반기,3분기, 사업별손익,계획,9800000000,69500000000,9800000000,69500000000,0,0,680000000,3600000000,680000000,3600000000,0,0,0,0,360000000,1700000000,22000000000,1.565E+11,22000000000,1.565E+11,0,0,1080000000,7300000000,1080000000,7300000000,0,0,0,0,600000000,3700000000,49600000000,3.47E+11,49600000000,3.47E+11,0,0,1000000000,6500000000,1000000000,6500000000,0,0,0,0,0,0,21600000000,1.7E+11,21600000000,1.7E+11,0,0,600000000,3700000000,600000000,3700000000,0,0,0,0,160000000,600000000,24200000000,1.75E+11,24200000000,1.75E+11,0,0,3200000000,22100000000,3200000000,22100000000,0,0,0,0,2160000000,14700000000,0,0,0,0,0,0,0,0,0,0,0,0,0,0,0,0,1.056E+11,7.84E+11,1.056E+11,7.84E+11,0,0,800000000,5800000000,800000000,5800000000,0,0,0,0,0,0,0,0,0,0,0,0,0,0,0,0,0,0,0,0,0,0,18200000000,1.19E+11,18200000000,1.19E+11,0,0,760000000,0,760000000,0,0,0,0,0,200000000,0,9800000000,68500000000,9800000000,68500000000,0,0,800000000,5000000000,800000000,5000000000,0,0,0,0,600000000,3500000000,6200000000,39500000000,6200000000,39500000000,0,0,400000000,1600000000,400000000,1600000000,0,0,0,0,280000000,900000000,0,0,0,0,0,0,0,0,0,0,0,0,0,0,0,0,66200000000,5.005E+11,66200000000,5.005E+11,0,0,3080000000,18600000000,3080000000,18600000000,0,0,0,0,280000000,0,41600000000,4.14E+11,41600000000,4.14E+11,0,0,7280000000,43300000000,7280000000,43300000000,0,0,0,0,0,22800000000,0,0,0,0,0,0,0,0,0,0,0,0,0,0,0,0,3.748E+11,2.8435E+12,3.748E+11,2.8435E+12,0,0,19680000000,1.171E+11,19680000000,1.171E+11,0,0,0,0,2000000000,38600000000
Y,Y,Y,N,전선,2024,9,하반기,3분기, 사업별손익,실적,7168349810,76611018512,7168349810,76611018512,0,0,760676756,4649330932,760676756,4649330932,0,0,0,0,561770885,4454898974,16674342637,1.44047E+11,16674342637,1.44047E+11,0,0,821491089,6306188659,821491089,6306188659,0,0,0,0,357594067,4606562095,51304303471,4.21998E+11,51304303471,4.21998E+11,0,0,906105503,9114351942,906105503,9114351942,0,0,0,0,0,4070066679,13362117997,1.61039E+11,13362117997,1.61039E+11,0,0,1177261344,6615066917,1177261344,6615066917,0,0,0,0,683129080,3431542517,22217766575,2.08249E+11,22217766575,2.08249E+11,0,0,2971144084,40270414038,2971144084,40270414038,0,0,0,0,2367152505,38080407035,0,0,0,0,0,0,0,0,0,0,0,0,0,0,0,0,69437435864,7.24333E+11,69437435864,7.24333E+11,0,0,999161702,10186336168,999161702,10186336168,0,0,0,0,248620638,7209153394,0,0,0,0,0,0,0,0,0,0,0,0,0,0,0,0,4203236801,47309742146,4203236801,47309742146,0,0,0,0,0,0,0,0,0,0,0,0,7324098135,69486446066,7324098135,69486446066,0,0,1191426028,6480499268,1191426028,6480499268,0,0,0,0,997113919,6049134184,1688373993,17550621018,1688373993,17550621018,0,0,0,0,0,0,0,0,0,0,0,0,0,0,0,0,0,0,0,0,0,0,0,0,0,0,0,0,80944227411,5.30508E+11,80944227411,5.30508E+11,0,0,4518247044,26912724722,4518247044,26912724722,0,0,0,0,3216153734,6948678824,15278504229,4.22898E+11,15278504229,4.22898E+11,0,0,398566255,48316430187,398566255,48316430187,0,0,0,0,0,32221764779,0,0,0,0,0,0,0,0,0,0,0,0,0,0,0,0,2.89603E+11,2.82403E+12,2.89603E+11,2.82403E+12,0,0,11558044703,1.3328E+11,11558044703,1.3328E+11,0,0,0,0,3957890567,80565411707
Y,Y,Y,N,전선,2024,10,하반기,4분기, 사업별손익,계획,7650000000,77150000000,7650000000,77150000000,0,0,510000000,4110000000,510000000,4110000000,0,0,0,0,330000000,2030000000,17550000000,1.7405E+11,17550000000,1.7405E+11,0,0,870000000,8170000000,870000000,8170000000,0,0,0,0,480000000,4180000000,44400000000,3.914E+11,44400000000,3.914E+11,0,0,900000000,7400000000,900000000,7400000000,0,0,0,0,90000000,0,15000000000,1.85E+11,15000000000,1.85E+11,0,0,390000000,4090000000,390000000,4090000000,0,0,0,0,90000000,690000000,18000000000,1.93E+11,18000000000,1.93E+11,0,0,2670000000,24770000000,2670000000,24770000000,0,0,0,0,1860000000,16560000000,0,0,0,0,0,0,0,0,0,0,0,0,0,0,0,0,79800000000,8.638E+11,79800000000,8.638E+11,0,0,660000000,6460000000,660000000,6460000000,0,0,0,0,0,0,0,0,0,0,0,0,0,0,0,0,0,0,0,0,0,0,14700000000,1.337E+11,14700000000,1.337E+11,0,0,1290000000,890000000,1290000000,890000000,0,0,0,0,780000000,0,6750000000,75250000000,6750000000,75250000000,0,0,510000000,5510000000,510000000,5510000000,0,0,0,0,360000000,3860000000,4650000000,44150000000,4650000000,44150000000,0,0,240000000,1840000000,240000000,1840000000,0,0,0,0,150000000,1050000000,0,0,0,0,0,0,0,0,0,0,0,0,0,0,0,0,73650000000,5.7415E+11,73650000000,5.7415E+11,0,0,4920000000,23520000000,4920000000,23520000000,0,0,0,0,2610000000,710000000,10800000000,4.248E+11,10800000000,4.248E+11,0,0,1410000000,44710000000,1410000000,44710000000,0,0,0,0,0,22650000000,0,0,0,0,0,0,0,0,0,0,0,0,0,0,0,0,2.9295E+11,3.13645E+12,2.9295E+11,3.13645E+12,0,0,14370000000,1.3147E+11,14370000000,1.3147E+11,0,0,0,0,6330000000,44930000000
Y,Y,Y,N,전선,2024,10,하반기,4분기, 사업별손익,실적,7568063047,84179081559,7568063047,84179081559,0,0,341861669,4991192601,341861669,4991192601,0,0,0,0,2200005972,6654904946,18294743970,1.62342E+11,18294743970,1.62342E+11,0,0,1157827979,7464016638,1157827979,7464016638,0,0,0,0,3671689592,8278251686,43764495474,4.65762E+11,43764495474,4.65762E+11,0,0,709247519,9823599461,709247519,9823599461,0,0,0,0,6162854030,10232920709,22625524160,1.83665E+11,22625524160,1.83665E+11,0,0,704583441,7319650358,704583441,7319650358,0,0,0,0,3187275672,6618818189,19036398695,2.27285E+11,19036398695,2.27285E+11,0,0,1828191129,42098605167,1828191129,42098605167,0,0,0,0,6367577517,44447984552,0,0,0,0,0,0,0,0,0,0,0,0,0,0,0,0,76351527927,8.00684E+11,76351527927,8.00684E+11,0,0,838882680,11025218848,838882680,11025218848,0,0,0,0,4731982048,11941135443,0,0,0,0,0,0,0,0,0,0,0,0,0,0,0,0,5322344250,52632086396,5322344250,52632086396,0,0,0,0,0,0,0,0,0,0,1788818840,0,6498655859,75985101925,6498655859,75985101925,0,0,665237734,7145737002,665237734,7145737002,0,0,0,0,2011989444,8061123628,2373308948,19923929966,2373308948,19923929966,0,0,0,0,0,0,0,0,0,0,580214964,0,0,0,0,0,0,0,0,0,0,0,0,0,0,0,0,0,93418873323,6.23927E+11,93418873323,6.23927E+11,0,0,2102114226,29014838948,2102114226,29014838948,0,0,0,0,22172311044,29120989869,52292923795,4.75191E+11,52292923795,4.75191E+11,0,0,5204559178,53520989365,5204559178,53520989365,0,0,0,0,19828044198,52049808977,0,0,0,0,0,0,0,0,0,0,0,0,0,0,0,0,3.47547E+11,3.17158E+12,3.47547E+11,3.17158E+12,0,0,10770922603,1.44051E+11,10770922603,1.44051E+11,0,0,0,0,72702763319,1.53268E+11
Y,Y,Y,N,전선,2024,11,하반기,4분기, 사업별손익,계획,7650000000,84800000000,7650000000,84800000000,0,0,510000000,4620000000,510000000,4620000000,0,0,0,0,330000000,2360000000,17550000000,1.916E+11,17550000000,1.916E+11,0,0,870000000,9040000000,870000000,9040000000,0,0,0,0,480000000,4660000000,44400000000,4.358E+11,44400000000,4.358E+11,0,0,900000000,8300000000,900000000,8300000000,0,0,0,0,90000000,0,15000000000,2E+11,15000000000,2E+11,0,0,390000000,4480000000,390000000,4480000000,0,0,0,0,90000000,780000000,18000000000,2.11E+11,18000000000,2.11E+11,0,0,2670000000,27440000000,2670000000,27440000000,0,0,0,0,1860000000,18420000000,0,0,0,0,0,0,0,0,0,0,0,0,0,0,0,0,79800000000,9.436E+11,79800000000,9.436E+11,0,0,660000000,7120000000,660000000,7120000000,0,0,0,0,0,0,0,0,0,0,0,0,0,0,0,0,0,0,0,0,0,0,14700000000,1.484E+11,14700000000,1.484E+11,0,0,1290000000,2180000000,1290000000,2180000000,0,0,0,0,780000000,0,6750000000,82000000000,6750000000,82000000000,0,0,510000000,6020000000,510000000,6020000000,0,0,0,0,360000000,4220000000,4650000000,48800000000,4650000000,48800000000,0,0,240000000,2080000000,240000000,2080000000,0,0,0,0,150000000,1200000000,0,0,0,0,0,0,0,0,0,0,0,0,0,0,0,0,73650000000,6.478E+11,73650000000,6.478E+11,0,0,4920000000,28440000000,4920000000,28440000000,0,0,0,0,2610000000,3320000000,10800000000,4.356E+11,10800000000,4.356E+11,0,0,1410000000,46120000000,1410000000,46120000000,0,0,0,0,0,22500000000,0,0,0,0,0,0,0,0,0,0,0,0,0,0,0,0,2.9295E+11,3.4294E+12,2.9295E+11,3.4294E+12,0,0,14370000000,1.4584E+11,14370000000,1.4584E+11,0,0,0,0,6330000000,51260000000
Y,Y,Y,N,전선,2024,11,하반기,4분기, 사업별손익,실적,12686821326,96865902885,12686821326,96865902885,0,0,1011151622,6002344223,1011151622,6002344223,0,0,0,0,987539014,7642443959,17527872156,1.7987E+11,17527872156,1.7987E+11,0,0,1101293494,8565310132,1101293494,8565310132,0,0,0,0,760884648,9039136334,49298915672,5.15061E+11,49298915672,5.15061E+11,0,0,423528540,10247128001,423528540,10247128001,0,0,0,0,0,9937888466,21832144775,2.05497E+11,21832144775,2.05497E+11,0,0,1865034545,9184684903,1865034545,9184684903,0,0,0,0,1130986689,7749804878,17230790667,2.44516E+11,17230790667,2.44516E+11,0,0,1947798471,44046403638,1947798471,44046403638,0,0,0,0,1785021663,46233006215,0,0,0,0,0,0,0,0,0,0,0,0,0,0,0,0,76754223084,8.77438E+11,76754223084,8.77438E+11,0,0,750255956,11775474804,750255956,11775474804,0,0,0,0,434856790,12375992232,0,0,0,0,0,0,0,0,0,0,0,0,0,0,0,0,4793234773,57425321169,4793234773,57425321169,0,0,0,0,0,0,0,0,0,0,0,0,7840062151,83825164076,7840062151,83825164076,0,0,1080453634,8226190636,1080453634,8226190636,0,0,0,0,1011673173,9072796800,1681349209,21605279175,1681349209,21605279175,0,0,0,0,0,0,0,0,0,0,0,0,0,0,0,0,0,0,0,0,0,0,0,0,0,0,0,0,45313073515,6.6924E+11,45313073515,6.6924E+11,0,0,4455058816,33469897764,4455058816,33469897764,0,0,0,0,0,28389085166,7214416071,4.82406E+11,7214416071,4.82406E+11,0,0,398809982,53919799347,398809982,53919799347,0,0,0,0,186975198,52236784175,0,0,0,0,0,0,0,0,0,0,0,0,0,0,0,0,2.62173E+11,3.43375E+12,2.62173E+11,3.43375E+12,0,0,10352043962,1.54403E+11,10352043962,1.54403E+11,0,0,0,0,2539540659,1.55808E+11
Y,Y,Y,N,전선,2024,12,하반기,4분기, 사업별손익,계획,10200000000,95000000000,10200000000,95000000000,0,0,680000000,5300000000,680000000,5300000000,0,0,0,0,440000000,2800000000,23400000000,2.15E+11,23400000000,2.15E+11,0,0,1160000000,10200000000,1160000000,10200000000,0,0,0,0,640000000,5300000000,59200000000,4.95E+11,59200000000,4.95E+11,0,0,1200000000,9500000000,1200000000,9500000000,0,0,0,0,120000000,0,20000000000,2.2E+11,20000000000,2.2E+11,0,0,520000000,5000000000,520000000,5000000000,0,0,0,0,120000000,900000000,24000000000,2.35E+11,24000000000,2.35E+11,0,0,3560000000,31000000000,3560000000,31000000000,0,0,0,0,2480000000,20900000000,0,0,0,0,0,0,0,0,0,0,0,0,0,0,0,0,1.064E+11,1.05E+12,1.064E+11,1.05E+12,0,0,880000000,8000000000,880000000,8000000000,0,0,0,0,0,0,0,0,0,0,0,0,0,0,0,0,0,0,0,0,0,0,19600000000,1.68E+11,19600000000,1.68E+11,0,0,1720000000,3900000000,1720000000,3900000000,0,0,0,0,1040000000,0,9000000000,91000000000,9000000000,91000000000,0,0,680000000,6700000000,680000000,6700000000,0,0,0,0,480000000,4700000000,6200000000,55000000000,6200000000,55000000000,0,0,320000000,2400000000,320000000,2400000000,0,0,0,0,200000000,1400000000,0,0,0,0,0,0,0,0,0,0,0,0,0,0,0,0,98200000000,7.46E+11,98200000000,7.46E+11,0,0,6560000000,35000000000,6560000000,35000000000,0,0,0,0,3480000000,6800000000,14400000000,4.5E+11,14400000000,4.5E+11,0,0,1880000000,48000000000,1880000000,48000000000,0,0,0,0,0,22300000000,0,0,0,0,0,0,0,0,0,0,0,0,0,0,0,0,3.906E+11,3.82E+12,3.906E+11,3.82E+12,0,0,19160000000,1.65E+11,19160000000,1.65E+11,0,0,0,0,8440000000,59700000000
Y,Y,Y,N,전선,2024,12,하반기,4분기, 사업별손익,실적,7140494178,1.04006E+11,7140494178,1.04006E+11,0,0,1058152545,7060496768,1058152545,7060496768,0,0,0,0,714468256,8356912215,16496178985,1.96366E+11,16496178985,1.96366E+11,0,0,1170484809,9735794941,1170484809,9735794941,0,0,0,0,261366669,9300503003,52592954275,5.67654E+11,52592954275,5.67654E+11,0,0,274346090,10521474091,274346090,10521474091,0,0,0,0,0,9132129803,16314908607,2.21812E+11,16314908607,2.21812E+11,0,0,423025303,9607710206,423025303,9607710206,0,0,0,0,0,6738100263,20231359372,2.64747E+11,20231359372,2.64747E+11,0,0,3651019894,47697423532,3651019894,47697423532,0,0,0,0,2728831220,48961837435,0,0,0,0,0,0,0,0,0,0,0,0,0,0,0,0,72742222701,9.50181E+11,72742222701,9.50181E+11,0,0,1307675261,13083150065,1307675261,13083150065,0,0,0,0,0,12146388019,0,0,0,0,0,0,0,0,0,0,0,0,0,0,0,0,4710045818,62135366987,4710045818,62135366987,0,0,0,0,0,0,0,0,0,0,0,0,8670859260,92496023336,8670859260,92496023336,0,0,1201680677,9427871313,1201680677,9427871313,0,0,0,0,894002761,9966799561,1320725826,22926005001,1320725826,22926005001,0,0,0,0,0,0,0,0,0,0,0,0,0,0,0,0,0,0,0,0,0,0,0,0,0,0,0,0,99759407630,7.68999E+11,99759407630,7.68999E+11,0,0,9862681248,43332579012,9862681248,43332579012,0,0,0,0,3380039582,31769124748,8958394175,4.91364E+11,8958394175,4.91364E+11,0,0,0,53800018724,0,53800018724,0,0,0,0,0,47089030268,0,0,0,0,0,0,0,0,0,0,0,0,0,0,0,0,3.08938E+11,3.74269E+12,3.08938E+11,3.74269E+12,0,0,18279854235,1.72683E+11,18279854235,1.72683E+11,0,0,0,0,0,1.54982E+11
